surrogate_key,video_id,video_title,video_publish_date,views,watch_time_hours,watch_time_minutes,avg_view_duration_seconds,avg_view_percentage,likes,comments_added,estimated_revenue_usd,effective_from,effective_to,is_current
afc87106-2549-43ac-8000-c3e4886f9491,KQ80oD_boBM,Kaggle Project From Scratch - Part 2 (Exploratory Data Analysis),2021-01-08 00:00:00 UTC,14711,1530.1763,91810.58,374,17.09,557,59,97.815,2025-11-07 16:38:47.961547 UTC,,true
e5b589f0-62a9-4983-8155-f5f32761706b,qfRhKHV8-t4,Predicting Crypto-Currency Price Using RNN lSTM & GRU,2017-11-18 00:00:00 UTC,16558,487.2194,29233.16,105,34.06,247,28,21.944,2025-11-07 16:38:47.961547 UTC,,true
a96ca1d8-e133-4c22-ab32-1d0525bc1443,n6MiRgxN5iA,Why EVERYONE Should Start a Podcast (Including YOU),2021-11-05 00:00:00 UTC,3092,134.9815,8098.89,157,36.81,189,25,13.118,2025-11-07 16:38:47.961547 UTC,,true
51ede541-74ad-4f8a-9c0d-6f5efa29b97f,3BEtGaz70rQ,How Far Should the NBA 3-Point Line Actually Be?,2019-09-21 00:00:00 UTC,2312,128.4624,7707.74,200,34.67,86,13,5.466,2025-11-07 16:38:47.961547 UTC,,true
8c5e34f4-d754-4fe8-ad24-e204eeda27bd,74Z3F7i4qcI,5 Sports Analytics Books to Get You Started,2019-12-13 00:00:00 UTC,7386,322.7721,19366.33,157,36.76,273,27,28.125,2025-11-07 16:38:47.961547 UTC,,true
99a641cd-b345-4aa8-85bf-0f65b1632025,ei1m5lDQyBg,Data Science in Sports - Talk for Northwestern (Kellogg) MBA Students,2020-04-22 00:00:00 UTC,2794,283.7009,17022.05,365,15.98,80,14,21.144,2025-11-07 16:38:47.961547 UTC,,true
7d666c30-5c01-495b-ad3f-5e1f99792d02,-pdXWmj9xxU,How I Learn Data Science Through Studying Other People's Code | #66DaysOfData,2020-09-04 00:00:00 UTC,10588,795.7453,47744.72,270,31.24,691,78,53.677,2025-11-07 16:38:47.961547 UTC,,true
24353d77-cd99-48fe-909e-2d080a505d1c,S_CuB__nsmI,Sports Analytics & Streaming Data Science on Twitch (Nick Wan) - KNN EP. 08,2020-08-12 00:00:00 UTC,4415,405.6021,24336.13,330,7.32,178,209,32.826,2025-11-07 16:38:47.961547 UTC,,true
cdeda260-fcde-47db-af0c-4cc74d558632,UKuK2fXu_dU,Why Data-Viz is so Darn Important (@Story by Data | Kate Strachnyi) - KNN EP. 16,2020-09-30 00:00:00 UTC,6692,678.5389,40712.33,365,15.53,281,29,29.907,2025-11-07 16:38:47.961547 UTC,,true
097a344f-1227-4ca5-9004-9bf1c990415c,SaWxVk7rDp4,What is a lambda function (python)? #shorts,2021-05-13 00:00:00 UTC,8275,85.6748,5140.49,37,66.56,540,24,6.943,2025-11-07 16:38:47.961547 UTC,,true
afb46ed0-0a3c-4d3d-8ce3-27fa56c5d851,sCOX5yShmFA,The Best Way to Predict NBA Minutes Played,2018-12-11 00:00:00 UTC,3094,167.5168,10051.01,194,33.66,85,7,12.899,2025-11-07 16:38:47.961547 UTC,,true
8c7db15e-762d-476f-add1-a36da567bba7,1Cf7SdnBncg,My Top 5 Data Science Internship Tips,2019-06-15 00:00:00 UTC,8420,500.1532,30009.19,213,44.37,387,9,41.664,2025-11-07 16:38:47.961547 UTC,,true
cd9bcda0-1e64-447b-9167-d57944588f40,yUrrf3Pm33s,Find a Data Science Project With These 3 Techniques,2020-11-06 00:00:00 UTC,13931,559.7703,33586.22,144,28.2,600,49,51.968,2025-11-07 16:38:47.961547 UTC,,true
0351039c-ab29-482f-b2ba-867b6a69ec08,q6Lf2yhvluw,Reviewing Your Data Science Projects - Episode 17 (Best Portfolio Website Yet?),2020-08-24 00:00:00 UTC,9384,632.9141,37974.85,242,21.91,378,28,43.551,2025-11-07 16:38:47.961547 UTC,,true
d491d47b-eac1-4fef-8e2f-842cb0341705,ELFGsNqZrlM,Is it Important to Share Your Data Science Work? (Ft. Eric Weber),2020-07-22 00:00:00 UTC,1795,120.7192,7243.15,242,20.5,96,14,6.322,2025-11-07 16:38:47.961547 UTC,,true
2a76cfee-f31f-4a23-8517-4df0ac67685e,Kq9dkZu0bpg,"Hedge Funds, Startups, and Data Science Oh my! (@DataLeap) - KNN EP. 14",2020-09-18 00:00:00 UTC,6860,642.8602,38571.61,337,16.64,248,213,31.575,2025-11-07 16:38:47.961547 UTC,,true
0fc67848-46da-4b83-9554-9f0de062c238,k8YxyrcAXJs,Is Data Visualization Important for Data Science? (A Data Scientist's Perspective),2021-08-20 00:00:00 UTC,10403,389.9063,23394.38,134,38.01,481,54,50.319,2025-11-07 16:38:47.961547 UTC,,true
b8f0e4f6-899b-4a8e-bc67-3dbeb00bf3c8,5jntoZX-Tc8,NASA Physicist Turned Data Scientist (Tim Bowling) - KNN EP. 02,2019-05-05 00:00:00 UTC,1094,57.6363,3458.18,189,16.93,38,2,2.9,2025-11-07 16:38:47.961547 UTC,,true
50050f12-abe1-451a-8871-921d654356e9,mR2NCRgtLPE,Reviewing Your Data Science Projects - Episode 6 (Only 3 months of coding experience),2020-06-01 00:00:00 UTC,5504,269.5049,16170.29,176,18.69,168,23,20.002,2025-11-07 16:38:47.961547 UTC,,true
9062fa22-e33a-4380-9f44-4b4282d70fce,tv1e22u2COk,My Top 5 Data Science Resources for 2019,2019-01-05 00:00:00 UTC,3406,109.5298,6571.79,115,32.98,112,7,12.416,2025-11-07 16:38:47.961547 UTC,,true
4b0a2d1e-22c8-4f7f-bca4-758c77d40463,pPfw2fzwNiM,MARCH MADNESS - Will My Machine Learning Model Beat Your Bracket?,2021-03-19 00:00:00 UTC,9370,369.7456,22184.74,142,26.07,260,48,51.333,2025-11-07 16:38:47.961547 UTC,,true
88342ec4-e658-4c4c-b136-7a2f437f0a00,DopikusDfk0,Collision Course: Sports Betting + Data Science,2019-12-20 00:00:00 UTC,10291,427.0386,25622.32,149,42.08,342,13,55.502,2025-11-07 16:38:47.961547 UTC,,true
ba04ad10-879f-4392-83a6-8dd098a16f07,iGUiLWFDWfk,Don't Buy My Course..,2020-08-21 00:00:00 UTC,7196,285.2142,17112.85,142,27.28,361,66,27.558,2025-11-07 16:38:47.961547 UTC,,true
a353b027-08e3-4879-a326-a7cc759b30b9,Fs_LG5Y8GIU,Can You Learn Data Science Without a Computer?,2020-03-11 00:00:00 UTC,1102,30.8441,1850.65,100,50.63,86,9,3.756,2025-11-07 16:38:47.961547 UTC,,true
177e5502-10a9-4f7f-9863-2471795a7b67,6aaIbd-GpZs,Should You Major in Data Science? (Jaemin Lee) - KNN EP. 04,2020-07-08 00:00:00 UTC,5799,343.5796,20614.78,213,17.97,223,173,29.56,2025-11-07 16:38:47.961547 UTC,,true
5f9e009e-dc65-4c07-8187-ede8ccf0376f,VN12ZPFsApM,How To Learn Programming for Data Science [3 Steps],2020-01-13 00:00:00 UTC,25616,1450.8856,87053.14,203,41.96,1785,37,135.767,2025-11-07 16:38:47.961547 UTC,,true
a8528bc4-50b3-4fc6-8c24-edb019dc8d9a,7O4dpR9QMIM,Data Science Project from Scratch  - Part 5 (Model Building),2020-04-13 00:00:00 UTC,27648,3189.7254,191383.52,415,15.19,644,58,120.399,2025-11-07 16:38:47.961547 UTC,,true
83571ac4-a59d-45ba-b7e2-7e23433106d9,RRSRKf9eQxc,Should You Get A Masters in Data Science?,2018-11-14 00:00:00 UTC,18488,782.5937,46955.62,152,45.22,276,56,136.708,2025-11-07 16:38:47.961547 UTC,,true
30fd3579-2b35-48ab-8772-9939d66d570e,hOUrxTeBJQc,The 7 Biggest Data Science  Beginner Mistakes,2021-04-23 00:00:00 UTC,48261,3082.4798,184948.79,229,38.26,2252,117,372.245,2025-11-07 16:38:47.961547 UTC,,true
a6490d98-a4e2-4a49-836c-133e8982a9c6,SVtRsDhHlDk,Why I Quit Data Science,2021-02-12 00:00:00 UTC,98777,3756.0683,225364.1,136,40.99,2274,165,399.18,2025-11-07 16:38:47.961547 UTC,,true
41d665de-0891-44c0-92e2-97359b6fe6f0,AqPquogHwq0,Where to Start Learning Data Science,2020-07-03 00:00:00 UTC,16882,616.9814,37018.88,131,49.09,724,58,56.64,2025-11-07 16:38:47.961547 UTC,,true
dbd24803-470a-48c7-9900-7095bfeb8bc9,1FrY7ARSf10,9 Ways You Can Make Extra Income as a Data Scientist,2019-11-18 00:00:00 UTC,39347,2609.6311,156577.87,238,37.42,1573,48,207.518,2025-11-07 16:38:47.961547 UTC,,true
1f4282e9-1422-427a-bac5-c3dc14c04753,SLC5sPZSLY4,How YOU Can Land a Sports Analytics Job,2019-12-02 00:00:00 UTC,50498,2573.2835,154397.01,183,37.9,2323,106,214.234,2025-11-07 16:38:47.961547 UTC,,true
6828e26e-bdce-4686-bfac-705c30bcdd41,imMPnCHvbkY,The Data Science Projects that Got Me a Job,2020-03-06 00:00:00 UTC,33396,1113.7748,66826.49,120,44.97,1201,20,131.089,2025-11-07 16:38:47.961547 UTC,,true
8603d9db-6ee0-419c-a592-e98bbd05d140,FqNpDNmpcEo,How Zillow Lost $500 MILLION With Machine Learning,2021-12-03 00:00:00 UTC,16933,1440.0058,86400.35,306,44.63,869,62,119.891,2025-11-07 16:38:47.961547 UTC,,true
83914c2f-6ad2-4154-9d10-290910dec52d,7JCterBrcvk,Discouraged with Data Science? - Watch THIS video.,2021-05-28 00:00:00 UTC,6825,414.003,24840.18,218,33.91,388,76,49.835,2025-11-07 16:38:47.961547 UTC,,true
d53ceb63-6c96-4553-84a0-2bf21e4cab98,oHUD2T_VXfI,Reviewing Your Data Science Projects - Episode 18 (Job-Worthy GitHub),2020-08-31 00:00:00 UTC,14382,922.0377,55322.26,230,32.23,714,43,72.365,2025-11-07 16:38:47.961547 UTC,,true
165eb38f-b141-42f5-94ca-d8a3ba4961ad,rEWPqw6rMGI,The Only Data Science Explanation You Need,2022-01-10 00:00:00 UTC,10277,801.5549,48093.29,280,35.49,722,62,60.498,2025-11-07 16:38:47.961547 UTC,,true
b6498b82-4cc3-4034-9fef-0d815b03d8ed,XjC3FPL-S78,Why You're Struggling to Learn Data Science,2020-06-12 00:00:00 UTC,14552,700.5087,42030.52,173,46.21,1000,82,45.465,2025-11-07 16:38:47.961547 UTC,,true
cb73e46c-fe62-4592-9308-f15e5013f64e,-3d1NctSv0c,"Ken Jee Q & A Live Stream (50,000 Sub Special!)",2020-06-20 00:00:00 UTC,2326,229.4255,13765.53,355,10.4,137,317,5.318,2025-11-07 16:38:47.961547 UTC,,true
03d5732a-614c-4114-ba2b-db736750f43b,DM1eE_Coh6g,Avoid These Data Science Resume Mistakes!,2020-02-10 00:00:00 UTC,22787,1281.0656,76863.94,202,42.16,1038,33,103.269,2025-11-07 16:38:47.961547 UTC,,true
8ddc7c02-d6e7-4a49-81eb-ef525899b437,143WWA5Sy9k,I Eat a Papaya Live on Stream (Plus Q&A for 150K Subs!),2021-07-16 00:00:00 UTC,2271,165.2476,9914.86,261,5.23,93,13,5.929,2025-11-07 16:38:47.961547 UTC,,true
d2e8866a-36dd-4617-baea-bc5480a2cbae,akbU9KOo_Qc,How to Stay Productive & Motivated When Learning Data Science,2019-09-29 00:00:00 UTC,9669,654.2339,39254.03,243,36.25,501,27,41.711,2025-11-07 16:38:47.961547 UTC,,true
51c5ddf7-f205-4d69-aadb-e7c939398265,68GGPK3WaqI,Data Science Project - Expectations vs Reality (funny) #shorts,2021-08-06 00:00:00 UTC,14136,169.539,10172.34,43,71.96,484,16,12.271,2025-11-07 16:38:47.961547 UTC,,true
7d908f53-c95d-4cd0-8647-7b56db5acecc,zGlJ-QndG8E,How to Get a Data Science Job at FAANG (@Data Science Jay) - KNN EP. 03,2020-06-26 00:00:00 UTC,11872,759.2818,45556.91,230,27.81,450,135,61.23,2025-11-07 16:38:47.961547 UTC,,true
dbf954fa-be23-4758-ad3f-a81394e60598,ji7DtgUeKCI,7 Things to Look For in a Masters For Data Science (feat. @Tina Huang),2020-11-20 00:00:00 UTC,18307,1173.5318,70411.91,230,41.96,618,71,152.286,2025-11-07 16:38:47.961547 UTC,,true
b2adcc7f-a590-4822-8304-cbb5a78f22c1,qUK5Vk4NvBw,#66DaysOfData Round 3 Live Event! (feat. @StatQuest with Josh Starmer),2021-10-12 00:00:00 UTC,2038,165.5004,9930.02,292,7.83,133,4,6.269,2025-11-07 16:38:47.961547 UTC,,true
d02196df-5eaf-445e-83ed-67a41e27f5e8,sHRq-LshG3U,Why You Probably Won't Become a Data Scientist,2021-04-09 00:00:00 UTC,108133,6435.5906,386135.44,214,41.36,3225,213,601.671,2025-11-07 16:38:47.961547 UTC,,true
985a1fc0-68e9-4c35-a2a8-6b7cfb92ed24,domVw8isGOI,How I Chose My Masters Degree for Breaking into Data Science,2020-10-30 00:00:00 UTC,18633,1058.6333,63518,204,43.15,527,79,116.91,2025-11-07 16:38:47.961547 UTC,,true
d5aab5a6-d52b-4ba6-96e2-a12e9d7f8e2b,S4Lei5mOppc,How I Learned to Learn.,2021-07-31 00:00:00 UTC,23506,2074.7039,124482.23,317,31.68,1455,71,163.843,2025-11-07 16:38:47.961547 UTC,,true
824a6db0-156e-4a25-ae45-f3c901a19260,4yI3vVe0Jos,Data Science Fundamentals: Data Cleaning in Python,2019-08-11 00:00:00 UTC,10430,878.9639,52737.83,303,14.56,297,30,59.526,2025-11-07 16:38:47.961547 UTC,,true
89fb3a80-6a21-4e11-8d1d-79199bb36d27,SsGKZe4dVyk,How a Subscriber Landed a Data Analyst Job in Less Than a Year (Ray Ojel) - KNN EP. 09,2020-08-19 00:00:00 UTC,25141,2833.7374,170024.24,405,18.91,1025,72,105.647,2025-11-07 16:38:47.961547 UTC,,true
4e7ca95b-f850-40fe-a9b2-3379f828c150,DW55gaQ_Egk,Reviewing Your Data Science Projects - Episode 1 (Exploratory Analysis),2020-04-27 00:00:00 UTC,7480,452.4784,27148.7,217,30.76,332,27,23.044,2025-11-07 16:38:47.961547 UTC,,true
2283a88d-8ec9-425e-be0a-d4a43af9643b,35g8fCi-kbw,7 Incredible Books That Transformed My Health and My Life,2021-11-12 00:00:00 UTC,6192,368.9579,22137.47,214,27.05,343,56,24.375,2025-11-07 16:38:47.961547 UTC,,true
c3344839-e316-42f8-a32d-57785487794f,qP0hRF-lGqg,The Problem with Data Science,2020-02-28 00:00:00 UTC,3301,129.4233,7765.4,141,52.28,137,13,17.01,2025-11-07 16:38:47.961547 UTC,,true
8763570f-9de9-49ac-92fd-db450f24336c,XWetgrNas-k,What Does a Data Scientist Actually Do?,2019-07-19 00:00:00 UTC,25402,1327.9255,79675.53,188,48.63,905,37,224.411,2025-11-07 16:38:47.961547 UTC,,true
5f166ec3-426d-4698-b428-c78b74302234,4CpmB4TR2C4,Work From Home Data Scientist: Day in the Life,2019-04-12 00:00:00 UTC,26586,1143.6495,68618.97,154,46.79,728,46,91.069,2025-11-07 16:38:47.961547 UTC,,true
e34cc648-1904-47ca-ab84-eed80222e236,qV_AlRwhI3I,What is the #66DaysOfData?,2020-12-26 00:00:00 UTC,52921,2070.8803,124252.82,140,29.91,1827,96,228.911,2025-11-07 16:38:47.961547 UTC,,true
6186f0a6-80bd-439d-8af8-182720b87eac,omdhf8d53FM,Land a Data Science Job in a Different Country (Vijay Pravin Maharajan) - KNN EP. 13,2020-09-16 00:00:00 UTC,4885,259.9246,15595.48,191,12.09,202,25,12.511,2025-11-07 16:38:47.961547 UTC,,true
272a3eec-5986-45e1-a087-d9b99ba802ba,AxP1CL0yaFQ,Should You Learn R for Data Science?,2019-04-25 00:00:00 UTC,15243,560.9369,33656.21,132,53.42,444,39,73.118,2025-11-07 16:38:47.961547 UTC,,true
ffde5294-0043-42f8-aca1-2c3e023dea1b,xjhW1rSQeik,Data Science Advice for College Students,2020-02-14 00:00:00 UTC,62154,2600.7865,156047.19,150,23.07,1786,74,64.526,2025-11-07 16:38:47.961547 UTC,,true
0d2d0d4d-bcdf-480c-99ec-9e3921f4900d,7VcdvSyoxnc,His Startup Will Land You a Data Science Job (Jeremie Harris) - KNN EP. 15,2020-09-23 00:00:00 UTC,4566,496.2556,29775.34,391,10.56,183,23,47.428,2025-11-07 16:38:47.961547 UTC,,true
332da46d-492a-4ab8-9e9e-f9410408bf36,QWgg4w1SpJ8,Data Science Project from Scratch - Part 4 (Exploratory Data Analysis),2020-04-10 00:00:00 UTC,47193,7104.5262,426271.57,541,13.16,1408,85,208.805,2025-11-07 16:38:47.961547 UTC,,true
0f33b803-e090-45b3-9ea1-4ea71aa2d78a,a3VWq9smqhM,How to ULTRALEARN Data Science,2020-03-27 00:00:00 UTC,55316,2890.0054,173400.32,188,40.98,3530,79,253.249,2025-11-07 16:38:47.961547 UTC,,true
1d5da431-8a47-41ae-a88f-363e74c372af,GO420aMtHfk,Kaggle Project From Scratch - Part 3 (Advanced Graphs & Gender Imbalance Analysis),2021-01-16 00:00:00 UTC,6827,584.6419,35078.51,308,8.43,239,33,27.292,2025-11-07 16:38:47.961547 UTC,,true
ab85dcfc-c197-42a6-9b35-163bfb360b41,Z_KFh-HqaBA,I Wish I Had Known THIS Before Starting in Data Science,2019-05-14 00:00:00 UTC,23397,1553.1482,93188.89,238,44.42,999,34,118.739,2025-11-07 16:38:47.961547 UTC,,true
65ee2a06-4863-4f09-ad9e-d9c35d2749e4,T7BQJJIGrmc,Data Science: Pros and Cons,2019-06-30 00:00:00 UTC,3919,217.5296,13051.78,199,45.21,177,12,17.27,2025-11-07 16:38:47.961547 UTC,,true
4a324fc0-33ee-4afd-ab71-bea18134ab82,WKXtTo7lqmA,Data Science Fundamentals: SQL Queries,2020-01-10 00:00:00 UTC,4774,333.1141,19986.85,251,12.16,168,15,16.489,2025-11-07 16:38:47.961547 UTC,,true
37facba2-cc87-4ed4-9b0d-3f3c0042cb4a,WRF_dKZ_i24,Sh*t Data Scientists Say (Parody),2020-10-05 00:00:00 UTC,8724,197.4765,11848.59,81,63.66,568,69,20.731,2025-11-07 16:38:47.961547 UTC,,true
17e9ca63-81d4-4e05-be3a-8b2c16fd22e3,8Pi36Nj6P9A,What is Pandas? (Data & Data Science) #shorts,2021-04-30 00:00:00 UTC,12931,90.3324,5419.94,25,42.62,489,38,7.744,2025-11-07 16:38:47.961547 UTC,,true
390f6768-f6ce-4518-b2c9-0eb33b002e5c,VvnOXDCVm8k,Project Presentation - Expectations vs. Reality (funny) #shorts,2021-08-07 00:00:00 UTC,5932,74.4665,4467.99,45,76.6,230,17,6.17,2025-11-07 16:38:47.961547 UTC,,true
055ce686-aa88-4904-b8d6-f82eb8f0cc3c,jam0xApfC-U,Reviewing Your Data Science Projects - Episode 3 (Student Portfolio),2020-05-11 00:00:00 UTC,4028,220.7436,13244.62,197,24.55,149,32,11.996,2025-11-07 16:38:47.961547 UTC,,true
ee17b437-5aff-45ac-b93e-690259ce8024,41Clrh6nv1s,How I Would Learn Data Science in 2021 (What Has Changed?),2020-12-19 00:00:00 UTC,123515,7724.2735,463456.41,225,41.01,5869,232,929.4,2025-11-07 16:38:47.961547 UTC,,true
77e29ac0-df76-40b6-bd5e-944ab0f0dffb,3cDM9Z-fdz4,Golf STATS: Strokes Gained Explained,2019-06-07 00:00:00 UTC,4151,356.7836,21407.02,309,53.81,108,6,31.192,2025-11-07 16:38:47.961547 UTC,,true
aad49c24-88e7-4687-88ac-818c86f1e8d6,tnpV1etgcxs,The PODCAST you might have asked for?,2020-10-19 00:00:00 UTC,1836,26.4346,1586.08,51,37.29,94,39,5.906,2025-11-07 16:38:47.961547 UTC,,true
c2a6af5b-59b9-4ce0-902e-05811196b084,UuR3nomI5AE,Reviewing Your Data Science Projects - Episode 14 [Deep Learning Focus],2020-08-03 00:00:00 UTC,4470,285.8419,17150.51,230,22.37,187,27,10.965,2025-11-07 16:38:47.961547 UTC,,true
de269a3b-6f8a-4c88-b788-5caf62d25e53,hcHSSyHbgMQ,My Regrets as a Data Science Student,2021-03-12 00:00:00 UTC,20150,983.9832,59038.99,175,35.51,749,53,126.139,2025-11-07 16:38:47.961547 UTC,,true
6dfd9ac8-de60-42cb-aba7-d39737c47672,g7on3Rw0Ovg,Fast Cars to Faster Data (Alex Castrounis) - KNN EP. 12,2020-09-09 00:00:00 UTC,1823,189.3334,11360,373,11.37,75,118,9.893,2025-11-07 16:38:47.961547 UTC,,true
efafc220-3aa8-4b51-9750-c76555a0ffa2,_CS4u9cORwA,Was Captain Marvel Bad? A Sentiment Analysis of Twitter Data,2019-03-09 00:00:00 UTC,3673,173.9694,10438.16,170,37.81,162,9,9.996,2025-11-07 16:38:47.961547 UTC,,true
39f1c723-5ba0-4fe9-a543-79df7773e8bb,yukdXV9LR48,The Projects You Should Do To Get A Data Science Job,2019-07-30 00:00:00 UTC,131630,7153.7437,429224.62,195,25.41,5218,124,504.669,2025-11-07 16:38:47.961547 UTC,,true
434d7e7c-25a9-4e9e-a496-06d43b5a000f,dlZWB2D-NaQ,The 4 Types of Sports Analytics Projects,2020-02-03 00:00:00 UTC,17982,868.6597,52119.58,173,40.96,637,26,99.587,2025-11-07 16:38:47.961547 UTC,,true
ff4c130c-9392-419c-84af-c308c3b8661a,Yr5T3T4tq-g,Most Data Science Hopefuls Overlook This Important Skill,2019-05-25 00:00:00 UTC,548,19.2752,1156.51,126,58.62,44,3,1.849,2025-11-07 16:38:47.961547 UTC,,true
ee1978ac-02c6-43bc-b344-ba398e995ef4,zF_Q2v_9zKY,Scrape Twitter Data in Python with Twitterscraper Module,2019-04-18 00:00:00 UTC,41506,1567.3451,94040.71,135,35.96,783,161,121.302,2025-11-07 16:38:47.961547 UTC,,true
4e856e07-8fbf-4233-ba6b-1d8a15c9fec0,UcilY6HDuL8,10000 Subscriber and 100th Video Special (Data Science),2020-05-13 00:00:00 UTC,3064,35.0743,2104.46,41,24.01,149,58,0,2025-11-07 16:38:47.961547 UTC,,true
eb75b127-623b-4854-9e76-ed111073d215,15c7WD-lKUY,ML Ops: What is it REALLY?,2021-10-22 00:00:00 UTC,4252,190.2194,11413.16,161,43.53,219,35,25.224,2025-11-07 16:38:47.961547 UTC,,true
914f625b-cbba-4132-baf3-bb805d6d8a09,o-wsyxWbPOw,We Need to Talk About The LinkedIn Machine Learning Assessment.,2022-01-03 00:00:00 UTC,11808,545.6332,32737.99,166,45.08,592,65,62.568,2025-11-07 16:38:47.961547 UTC,,true
361d0c37-640a-496b-ab12-f06269556c06,3TrAYmrmA8o,The 9 Books That Changed My Perspective in 2019,2020-01-03 00:00:00 UTC,3037,195.876,11752.56,232,23.69,173,13,5.485,2025-11-07 16:38:47.961547 UTC,,true
4cdbeeb9-67d1-456b-9e3a-3a262b74ac45,rLawTH--l2Y,Reviewing Your Data Science Projects - Episode 19 (One Big Improvement),2020-09-07 00:00:00 UTC,3615,264.8199,15889.19,263,28.76,164,22,13.426,2025-11-07 16:38:47.961547 UTC,,true
449473ed-001b-47b6-8f10-4fa882896200,uic34RTaI-w,How I Balance Data Science and Content Creation (7 Secrets),2021-01-23 00:00:00 UTC,6776,320.0906,19205.44,170,20.87,284,62,22.063,2025-11-07 16:38:47.961547 UTC,,true
1e02d45c-e4bf-4a39-b6dd-e8d423e47bd7,f6NPw582FFc,Data Science Explained with ... Cooking?,2020-02-07 00:00:00 UTC,3947,236.9106,14214.64,216,40.54,258,24,18.412,2025-11-07 16:38:47.961547 UTC,,true
207a9436-b677-43eb-b9a3-d29ac30046d9,m5pwx3hgtzM,3 Reasons You Should NOT Become a Data Scientist,2019-12-16 00:00:00 UTC,93329,4449.9719,266998.31,171,46.02,2783,101,446.851,2025-11-07 16:38:47.961547 UTC,,true
fe9d0624-dbb2-4b09-96f2-688e5a09d7bb,uXLnbdHMf8w,Why I'm Starting Data Science Over Again.,2020-08-29 00:00:00 UTC,49564,2148.311,128898.66,156,33.41,2622,375,155.779,2025-11-07 16:38:47.961547 UTC,,true
80290633-b48f-49d0-8dfb-095b765ec544,k4r_NtB4JVQ,Golf: Would You Rather Be the LONGEST or STRAIGHTEST Driver on the PGA Tour?,2019-11-25 00:00:00 UTC,816,36.1463,2168.78,159,34.52,42,5,1.995,2025-11-07 16:38:47.961547 UTC,,true
aabbb46f-aefe-4486-87d9-ff76170f718f,Total,,,5568487,317602.3536,19056141.22,205,26.61,225021,14197,29068.652,2025-11-07 16:38:47.961547 UTC,,true
7386eb87-b8c0-49d1-8a58-4c11eef4ca28,PWmxLYTixAM,Reviewing Your Data Science Resumes - Episode 12 (3 Different Resumes!),2020-07-20 00:00:00 UTC,21053,1439.8604,86391.62,246,23.14,465,38,166.547,2025-11-07 16:38:47.961547 UTC,,true
b9d9d441-f2b1-411e-ade1-7df7c7bc28f6,zSwM5uVeylU,Math Needed for Mastering Data Science,2019-12-09 00:00:00 UTC,48401,1922.7679,115366.07,143,49.15,2529,98,219.501,2025-11-07 16:38:47.961547 UTC,,true
1da4e291-f87f-4e65-8cfe-3de8e942298c,Zz_Mx1UPswI,Thank You For The Support | What's Next | Ken Jee | Data Science,2019-08-26 00:00:00 UTC,506,6.3089,378.53,44,39.37,24,14,0.274,2025-11-07 16:38:47.961547 UTC,,true
dc5e1a0e-92b8-4579-8f7c-c0419fe0d6e3,QN3wXPZSjpE,Do You Have a Data Science Mentor? (@Danny Ma) - KNN EP. 06,2020-07-30 00:00:00 UTC,2188,231.3275,13879.65,380,16.61,115,172,7.701,2025-11-07 16:38:47.961547 UTC,,true
415124b8-0a83-4899-83a5-ba1b90b20d57,N97MhZEp2UQ,Advice from a Data Analytics CEO (@How to Get an Analytics Job) - KNN EP. 17,2020-10-14 00:00:00 UTC,9457,1357.0912,81425.47,516,16.98,319,30,64.756,2025-11-07 16:38:47.961547 UTC,,true
bf42cae1-9016-4d14-9b74-a25f64a0d885,9D7GzskcyUk,5 Tips for Crushing the Work From Home Life,2020-04-20 00:00:00 UTC,4934,164.449,9866.94,119,34.98,200,18,46.759,2025-11-07 16:38:47.961547 UTC,,true
fc15c841-fe2b-4711-be3e-a6fadbc29512,vQGJvmhpq_s,The Plagiarism Problem in Data Science,2020-08-07 00:00:00 UTC,12675,666.0547,39963.28,189,40.51,631,71,40.357,2025-11-07 16:38:47.961547 UTC,,true
c443caab-ae94-4a97-bed6-e1832b0d0724,3Mm1U1CbzNw,Is Data Science Right For You?,2019-08-18 00:00:00 UTC,44051,1546.5641,92793.85,126,32.24,1018,57,272.051,2025-11-07 16:38:47.961547 UTC,,true
f5f5f96c-8036-40e0-ac45-8ab5e4a1e278,scSc6YSanQ0,How Statistics Saved the US SERIOUS $$$$ During WW2 #Shorts,2021-12-10 00:00:00 UTC,3130,37.4755,2248.53,43,75.62,212,10,2.484,2025-11-07 16:38:47.961547 UTC,,true
0d8d0a11-25fb-488d-a1dc-f5a5deac4d4f,Uf0dO-pgOrk,Dealing with Doubt in Data Science (My Impostor Syndrome Story),2020-10-16 00:00:00 UTC,6282,297.038,17822.28,170,49.06,446,62,28.529,2025-11-07 16:38:47.961547 UTC,,true
69353af8-0ed9-4081-9449-32610b685cc1,smeFkHwnM_k,Welcome To My Channel | Ken Jee | Data Science,2019-03-03 00:00:00 UTC,1225,9.6188,577.13,28,55.43,30,4,6.115,2025-11-07 16:38:47.961547 UTC,,true
0418e0e3-e97c-4e06-8899-6406557912e7,XTrlMQXYqts,Why You DON'T Want to be a WFH Data Scientist,2019-03-03 00:00:00 UTC,664,22.6338,1358.03,122,48.31,28,7,2.376,2025-11-07 16:38:47.961547 UTC,,true
d6e973c7-98c9-4905-a07b-b14945d1859f,iqG59TqfFdY,5 Data Science Resolutions for 2020,2019-12-27 00:00:00 UTC,455,16.6975,1001.85,132,43.75,24,7,1.094,2025-11-07 16:38:47.961547 UTC,,true
fef956ed-f150-4b32-8814-a0b371070753,_K6cNdgN3CI,Reviewing Your Data Science Projects - Episode 4 (Resume & Github),2020-05-18 00:00:00 UTC,10762,273.8722,16432.33,91,10.32,174,24,74.043,2025-11-07 16:38:47.961547 UTC,,true
4794c51f-e858-4dc7-abcd-00894316b9cc,6fwyyRgZlD0,Reviewing Your Data Science Projects - Episode 9 (Professional Violinist),2020-06-22 00:00:00 UTC,2242,104.6831,6280.99,168,25.16,83,19,6.176,2025-11-07 16:38:47.961547 UTC,,true
dd93e766-5f01-4c81-b6d3-88c282d7129f,6sJEnzDjJqI,Where to Look for Data Science Jobs,2019-03-29 00:00:00 UTC,2583,108.8033,6528.2,151,41.43,99,7,10.305,2025-11-07 16:38:47.961547 UTC,,true
7c78edfe-64f3-48a1-93f8-08764474f297,fhi4dOhmW-g,Data Science Project from Scratch - Part 3 (Data Cleaning),2020-04-08 00:00:00 UTC,50234,6235.4662,374127.97,446,16.98,1301,129,216.892,2025-11-07 16:38:47.961547 UTC,,true
9631f20b-781f-4e6e-af6a-034de7fa8836,Y_SMU701qlA,Predicting Season Long NBA Wins Using Multiple Linear Regression,2018-07-10 00:00:00 UTC,6863,276.7257,16603.54,145,26.93,159,7,19.772,2025-11-07 16:38:47.961547 UTC,,true
fb2599aa-1220-48e1-8e3d-e160aa901b57,8Vxjp2KVHqs,Reviewing Your Data Science Projects - Episode 21(The Cleanest Portfolio),2020-09-21 00:00:00 UTC,8700,598.3585,35901.51,247,26.51,371,31,34.626,2025-11-07 16:38:47.961547 UTC,,true
c29daf13-fa79-4ca9-a2e4-8a88a8411db3,5v_ulmGv-gc,Inside the Mind of the Ultimate Kaggle Grandmaster (@Abhishek Thakur ) - KNN EP. 10,2020-08-26 00:00:00 UTC,13159,1379.223,82753.38,377,16.46,562,41,42.066,2025-11-07 16:38:47.961547 UTC,,true
4810f2a2-080c-42e2-87b4-48d29cc04232,vfV4nm004VQ,How She Dominated the FAANG Data Science Interview  (@Tina Huang ) - KNN EP. 11,2020-09-02 00:00:00 UTC,15766,1506.08,90364.8,343,12.8,515,38,64.43,2025-11-07 16:38:47.961547 UTC,,true
c6a86705-0057-4697-a0bd-fddfca70eae6,cnqTU6eJwH0,The TRUTH About My First Data Science Project,2021-10-08 00:00:00 UTC,3966,270.799,16247.94,245,45.1,228,37,17.075,2025-11-07 16:38:47.961547 UTC,,true
19423545-63d9-4ae1-aae1-e034e51aa1bc,_rbrdNTpZGo,Building a Deep Learning BEAST (NVIDIA TITAN RTX + RYZEN 3900X),2020-07-24 00:00:00 UTC,7865,350.1646,21009.88,160,27.73,247,158,25.339,2025-11-07 16:38:47.961547 UTC,,true
99da75ec-f43b-485e-a55c-70cf20661c48,LGEuDWjWQes,Applying Data Science To My YouTube Data: My Surprising Findings,2019-11-11 00:00:00 UTC,5642,179.2321,10753.93,114,13.73,131,14,19.53,2025-11-07 16:38:47.961547 UTC,,true
ac6cde97-7c4c-42c4-a551-f69d946ad072,pWVQ0vN5uig,How To Get Data Science Experience (Without a Job),2019-08-08 00:00:00 UTC,26360,1461.8508,87711.05,199,40.33,1272,35,126.423,2025-11-07 16:38:47.961547 UTC,,true
ae63233c-4bf0-4c1e-b002-b2d23d2d89cb,BlSrorP32WM,Why I Have 2 Offices for Data Science & Content Creation,2021-03-26 00:00:00 UTC,3543,176.9124,10614.74,179,36.31,134,41,20.258,2025-11-07 16:38:47.961547 UTC,,true
ef264740-11e4-4dd8-a5e9-e83f5f15f318,NCyPY-jfb3I,How to Scrape NBA Data Using the nba_api Python Module,2019-12-23 00:00:00 UTC,11724,812.1108,48726.65,249,25.21,426,48,55.926,2025-11-07 16:38:47.961547 UTC,,true
c2a05689-71cf-4f60-bb0a-2a16643f9990,fU3DOXjwufg,What is the Future of my Comment Leaderboard Project?,2021-02-26 00:00:00 UTC,4912,141.5038,8490.23,103,30.32,197,36,14.455,2025-11-07 16:38:47.961547 UTC,,true
830c7636-bc1a-4fe1-9833-05c403830c74,I3FBJdiExcg,Beginner Kaggle Data Science Project Walk-Through (Titanic),2020-07-17 00:00:00 UTC,168183,17039.6566,1022379.4,364,15.89,4321,174,894.753,2025-11-07 16:38:47.961547 UTC,,true
5c865fa3-3236-4ccd-a978-58575d93cf01,QQLToUlgN7A,The Best Computer for Data Science Beginners,2020-07-10 00:00:00 UTC,27597,1232.5698,73954.19,160,40.7,691,66,97.057,2025-11-07 16:38:47.961547 UTC,,true
b042ed1a-eac2-4f7e-be90-bf38ee71312c,ammCGdzSoag,Building a Burrito Dashboard - Data Science Project from Scratch with atoti,2021-10-29 00:00:00 UTC,5883,368.4759,22108.55,225,7.6,191,22,32.398,2025-11-07 16:38:47.961547 UTC,,true
53d9cda4-6441-4fb2-a4c6-6dce9103991a,-zbLpoJVBMI,What the Heck is WSL 2? (My New Favorite Tool),2021-12-17 00:00:00 UTC,5004,202.1937,12131.62,145,39.53,237,29,18.005,2025-11-07 16:38:47.961547 UTC,,true
4e591eee-b625-4057-a014-a821841757ed,QBIe4nbmZfA,Reviewing Your Data Science Projects - Episode 2 (Resume and Portfolio),2020-05-04 00:00:00 UTC,4581,268.8326,16129.96,211,30.05,175,19,21.129,2025-11-07 16:38:47.961547 UTC,,true
24da861c-126a-4766-a42a-c4b3600e9fc5,1Ir1NgCuI0Y,Data Science Resume Round-Up With @Tina Huang  | Episode 3,2020-10-12 00:00:00 UTC,5011,368.2816,22096.9,264,11.92,119,27,31.041,2025-11-07 16:38:47.961547 UTC,,true
d91a2177-cc08-4353-a93c-f337206c4213,C4OPn58BLaU,How to Set Up Your Data Science Environment (Anaconda Beginner),2020-02-21 00:00:00 UTC,75351,4477.5908,268655.45,213,35.83,1609,45,552.927,2025-11-07 16:38:47.961547 UTC,,true
04ebf6bb-6b6b-47e1-bdcd-7198d6459340,2qVWurPFwfc,Is Data Science Dying?,2021-11-19 00:00:00 UTC,70043,3736.819,224209.14,192,34.98,2378,148,368.53,2025-11-07 16:38:47.961547 UTC,,true
aea1aff7-468c-4984-a8d8-a84896162842,lsXWVPzwZPk,Critiquing MY OWN Data Science Resume,2020-07-06 00:00:00 UTC,10854,616.5407,36992.44,204,28.84,371,42,38.494,2025-11-07 16:38:47.961547 UTC,,true
3081102d-e956-42f2-ac74-a149ea6d2ef7,B1g_yMKpdwo,Reviewing Your Data Science Projects - Episode 10 (Leveraging Your Data),2020-06-29 00:00:00 UTC,4227,261.5042,15690.25,222,26.48,176,24,11.945,2025-11-07 16:38:47.961547 UTC,,true
7a2380ca-4d64-47d3-b473-ca656925d942,aaAZXeuPIXk,How Much Did Cheating Help the Astros Win? (What the Numbers Say),2020-02-24 00:00:00 UTC,959,45.6196,2737.18,171,44.83,42,8,2.911,2025-11-07 16:38:47.961547 UTC,,true
8ecf7a90-2d98-477c-b68c-74f24256f546,Q9FjwzKFPuM,Data Science Certificate vs Bootcamp vs Masters Degree,2020-01-18 00:00:00 UTC,92355,9057.2752,543436.51,353,36.21,2708,239,767.493,2025-11-07 16:38:47.961547 UTC,,true
e592f36e-2cdf-444f-b2a4-e31575a48104,tJI-1mHeXoA,How to Build a Website  - Building my ULTIMATE Portfolio Website,2021-02-19 00:00:00 UTC,5483,274.8013,16488.08,180,11.83,157,32,47.386,2025-11-07 16:38:47.961547 UTC,,true
5ef7b7dc-622c-424d-a338-a04f6e7be4b4,UpaEjBOMNqs,5 Proven Strategies to Break into a Data Science Job,2020-10-02 00:00:00 UTC,8168,313.69,18821.4,138,41.39,356,51,30.787,2025-11-07 16:38:47.961547 UTC,,true
f76fc070-d127-4442-96b2-33fdb05d7e2a,fjVVtvp5X0w,Why Selling Is An Important Data Science Skill,2019-11-04 00:00:00 UTC,1418,88.5893,5315.36,224,33.77,70,7,5.685,2025-11-07 16:38:47.961547 UTC,,true
608a17a3-ad8d-4680-b459-3b9062b60b44,hpMc6TgT34I,The 5 Stages of Learning Data Science,2020-03-13 00:00:00 UTC,15398,912.5822,54754.93,213,50.44,1197,33,70.941,2025-11-07 16:38:47.961547 UTC,,true
13c73fd0-11e4-463b-bdfd-7fafa864e8ba,9ZwVqXUHf6o,When Data Science Goes Wrong,2020-03-30 00:00:00 UTC,1668,78.3392,4700.35,169,47.49,104,14,6.03,2025-11-07 16:38:47.961547 UTC,,true
5b7f3465-8d8a-48f8-8493-bf56bc0bed85,lUUqrRgerd8,What It's Like to be a Socially Distanced Data Scientist (A Day in the Life),2020-04-24 00:00:00 UTC,14348,955.9245,57355.47,239,27.13,450,47,100.089,2025-11-07 16:38:47.961547 UTC,,true
773b0d75-aecc-444a-a6d4-799b6f7fcf9e,742LQ38OioU,"Data Science Productivity, Motivation, and Organization (ft. Data Professor & Codebasics)",2020-07-01 00:00:00 UTC,3711,305.6106,18336.64,296,8.49,191,246,9.132,2025-11-07 16:38:47.961547 UTC,,true
5ee50b38-7a20-4f5c-8047-87099ae04873,HJH0gfY6EUg,Reviewing Your Data Science Projects - Episode 5 (Very Detailed Project),2020-05-25 00:00:00 UTC,20655,582.0329,34921.97,101,9.62,503,41,205.73,2025-11-07 16:38:47.961547 UTC,,true
39384575-8589-4fbe-bd5c-defa7f86b8ab,KU__lDJj5iU,How Data Science Projects Pay Off,2021-05-22 00:00:00 UTC,9342,431.1819,25870.91,166,43.05,565,60,44.874,2025-11-07 16:38:47.961547 UTC,,true
d80d073d-4cbd-4aa7-895f-f35fa4e55abf,foggudmDDvY,Data Science in Golf: PGA Merchandise Show 2020,2020-01-31 00:00:00 UTC,482,28.3566,1701.4,211,38.65,18,6,1.701,2025-11-07 16:38:47.961547 UTC,,true
93d1e846-7c8f-4199-b80f-be7469f8944e,apf6A3Nstm8,Reviewing Your Data Science Projects - Episode 20 (Bootcamp Capstone),2020-09-14 00:00:00 UTC,3673,302.0791,18124.75,296,25.5,157,18,21.971,2025-11-07 16:38:47.961547 UTC,,true
f9eded49-76c9-4e52-9951-5f8326ef23cf,n7kjelw9s2w,Why Kaggle Should Be Your Favorite Data Science Resource #shorts,2021-05-07 00:00:00 UTC,14780,128.0017,7680.1,31,52.84,640,44,13.458,2025-11-07 16:38:47.961547 UTC,,true
ef156a4d-673e-4abe-b4d1-b7caa9a10c36,KMOA5arCi8g,What I Learned From My Three Degrees,2019-05-17 00:00:00 UTC,1079,90.3894,5423.36,301,39.58,56,7,3.707,2025-11-07 16:38:47.961547 UTC,,true
2027f006-1229-4e20-8f75-c6240c9fcd83,k-gin1qfzi0,How To Build A Word Cloud From Scraped Data (Python),2019-09-04 00:00:00 UTC,2794,120.371,7222.26,155,11.74,63,4,6.582,2025-11-07 16:38:47.961547 UTC,,true
25919790-7289-43d1-88ec-059287b1e08a,a-Syoa9mPhM,Take Your Data Science Projects From Good to Great,2019-08-05 00:00:00 UTC,1414,73.6503,4419.02,187,38.74,100,7,4.415,2025-11-07 16:38:47.961547 UTC,,true
41389257-5174-4172-b235-2127b2c21733,BZFfNwj7JhE,Different Data Science Roles Explained (by a Data Scientist),2020-05-22 00:00:00 UTC,44974,1265.9731,75958.39,101,34.82,1589,82,276.316,2025-11-07 16:38:47.961547 UTC,,true
ff35f188-39b1-4f42-baa8-fc7b52641c5a,jf3j0lWmFPU,The 5 Pillars of Success I Live By,2020-09-11 00:00:00 UTC,9743,653.236,39194.16,241,41.62,864,65,51.398,2025-11-07 16:38:47.961547 UTC,,true
66dfc5df-f4a8-4b5d-8e61-2dbc55ba6410,nUOh_lDMHOU,Data Science Project from Scratch -  Part 6 (Putting the Model into Production),2020-04-15 00:00:00 UTC,18329,1614.7837,96887.02,317,14.37,549,44,51.945,2025-11-07 16:38:47.961547 UTC,,true
02c079da-16a5-4146-b958-65093d397052,XoUyK3XHZHs,Watch This Before Applying to Data Science Jobs,2019-02-04 00:00:00 UTC,1261,80.6655,4839.93,230,38.38,53,6,5.558,2025-11-07 16:38:47.961547 UTC,,true
a5c66094-8c73-4af4-8008-686c5edc03d2,xpIFS6jZbe8,How I Would Learn Data Science in 2022 (If I Had to Start Over),2021-12-27 00:00:00 UTC,79283,5945.542,356732.52,269,36.77,4413,109,528.286,2025-11-07 16:38:47.961547 UTC,,true
2f753121-425a-40c2-8050-6c7f8ee2b08a,n3vw0M5RrPU,How I Learned Data Science,2020-01-27 00:00:00 UTC,87169,5043.1516,302589.1,208,25.84,2514,101,699.558,2025-11-07 16:38:47.961547 UTC,,true
2e8c5307-3e6b-48db-a5d4-64b8a0e32f16,Ft4GVkQQtgk,Data Science Resume Round-Up With @Tina Huang  - Episode 1,2020-09-28 00:00:00 UTC,9054,689.6168,41377.01,274,18.64,258,31,54.173,2025-11-07 16:38:47.961547 UTC,,true
485d15a2-6062-492b-8674-c14a022de6cb,s1gD35Z4eUc,Why are APIs Important for Data Science?,2021-07-09 00:00:00 UTC,6540,309.6966,18581.8,170,52.94,351,37,37.014,2025-11-07 16:38:47.961547 UTC,,true
836efd0b-cd85-42b3-b0e9-33a5abb43db2,KEBVcVwFzaI,Reviewing Your Data Science Projects - Episode 15 (Quant Finance),2020-08-10 00:00:00 UTC,7705,520.0262,31201.57,242,25.1,270,20,36.566,2025-11-07 16:38:47.961547 UTC,,true
99159004-084f-4b6e-9ed4-d1c0bc3b7a04,_0rHU6qAQe0,git for Data Science Made Simple... (Hopefully),2020-10-23 00:00:00 UTC,12643,526.0772,31564.63,149,38.21,638,48,48.982,2025-11-07 16:38:47.961547 UTC,,true
87e307eb-53a7-413e-9415-0e07705232b7,KfpOuSH9gDc,Kaggle vs Github - Which is Best for Your Data Science Portfolio?,2021-06-25 00:00:00 UTC,8832,402.3071,24138.43,163,43.38,416,47,38.723,2025-11-07 16:38:47.961547 UTC,,true
ce800ea8-683c-4158-8d14-96bd1d8afc18,irjTWNV0eAY,How to Simulate NBA Games in Python,2018-11-19 00:00:00 UTC,13742,629.6323,37777.94,164,29.67,308,22,46.214,2025-11-07 16:38:47.961547 UTC,,true
a48161fe-da2c-4c17-b3e4-6a71d31a7710,YbTMIxjk4hI,The YouTube Algorithm EXPLAINED! (Tips from a Data Scientist),2020-08-14 00:00:00 UTC,5700,336.7438,20204.63,212,39.1,525,54,32.653,2025-11-07 16:38:47.961547 UTC,,true
c4dc1bf9-57ae-4487-92aa-aba02d07bc41,4qZINLzwYyk,The State of Data Science with Krish Naik & The Data Professor [Panel Discussion],2020-06-05 00:00:00 UTC,20089,1205.8213,72349.28,216,9.52,633,267,135.037,2025-11-07 16:38:47.961547 UTC,,true
4018803d-6395-41ed-9988-177e54e7c8f4,txR8_jGi0Ls,Reviewing Your Data Science Projects - Episode 7 (Incredible Portfolio Website),2020-06-08 00:00:00 UTC,8778,577.311,34638.66,236,26.19,309,32,28.109,2025-11-07 16:38:47.961547 UTC,,true
12cb146d-8aaf-4b16-a447-869abc35f797,78LjdAAw0wA,100K Channel Update + AMA Stream!,2020-11-12 00:00:00 UTC,2291,200.2966,12017.8,314,6.26,130,412,6.113,2025-11-07 16:38:47.961547 UTC,,true
467260db-690b-48ff-b2fa-f654bd59705e,OtqQYqRNDGI,ðŸŒ¶ Hot Topics in Tech: Data Science Explained #SHORTS,2021-01-29 00:00:00 UTC,8009,79.7725,4786.35,35,60.78,380,56,10.292,2025-11-07 16:38:47.961547 UTC,,true
7b171e02-ab34-4f4c-a0a5-d93535400468,yIJrCFXs0rU,Data Science Fundamentals: Data Manipulation in Python (Pandas),2019-07-13 00:00:00 UTC,8633,957.2203,57433.22,399,15.42,246,22,57.53,2025-11-07 16:38:47.961547 UTC,,true
ba6ca9d3-eafd-4a38-9569-f426e5496b06,RRXWJVX0fE8,6 Habits of Successful Data Scientists,2019-09-13 00:00:00 UTC,1591,61.8222,3709.33,139,40.08,79,7,3.255,2025-11-07 16:38:47.961547 UTC,,true
6e5a2a29-4f41-423e-b80a-247ce7ef1062,TjGFBQC27ng,Business Skills for Data Science: What are they REALLY?,2021-10-18 00:00:00 UTC,4413,285.1689,17110.13,232,35.84,228,29,28.034,2025-11-07 16:38:47.961547 UTC,,true
9fa82f1c-06a8-4388-a950-2bba5a428959,Xgg7dIKys9E,Interview with the Director of AI Research @ NVIDIA (Anima Anandkumar) - KNN EP. 07,2020-08-05 00:00:00 UTC,13429,1034.3945,62063.67,277,9.55,590,329,39.92,2025-11-07 16:38:47.961547 UTC,,true
7ebaad4a-1471-4250-84d1-344684ae90d5,5p73cIRYCZg,ProjectDemoCSC478_UFCFightData,2017-06-06 00:00:00 UTC,60,1.0684,64.1,64,8.79,1,0,0.003,2025-11-07 16:38:47.961547 UTC,,true
749469ff-14ff-4271-a79a-a89771bd958b,hO_YKK_0Qck,Uber Driver to Machine Learning Engineer in 9 Months! (@Daniel Bourke) - KNN EP. 05,2020-07-16 00:00:00 UTC,21350,3687.3387,221240.32,621,15.12,881,402,202.963,2025-11-07 16:38:47.961547 UTC,,true
b19ff29a-b134-453c-b4ab-666d06a5b9d2,FBgs-BSTIJE,Demystifying Data Science Roles,2018-11-30 00:00:00 UTC,978,56.593,3395.58,208,55.55,48,3,5.103,2025-11-07 16:38:47.961547 UTC,,true
3a497d38-d31a-42f2-bbd4-96d6f7e193ad,-kX2b6TF_9k,By The Numbers: Where Should The NBA Put a 4 Point Line?,2019-10-21 00:00:00 UTC,2344,99.7075,5982.45,153,23.34,66,11,4.342,2025-11-07 16:38:47.961547 UTC,,true
7331b103-ba3e-4ce3-9c87-48c8959e5f75,1UjMBw_7Gi8,Data Science: Startup vs. Large Corporation,2019-03-21 00:00:00 UTC,1703,63.1138,3786.83,133,47.65,66,4,8.345,2025-11-07 16:38:47.961547 UTC,,true
25023945-89d1-418a-b024-4bacd8a4f56b,vwvdtXMcNzI,Why Is Data Engineering So HOT Right Now?,2021-11-26 00:00:00 UTC,17268,883.2341,52994.05,184,42.92,786,63,76.731,2025-11-07 16:38:47.961547 UTC,,true
e28a6578-2860-49e9-ab5a-80a94c57b4f4,WnB1jsDu900,Reviewing Your Data Science Projects - Episode 8 (College Student Help),2020-06-15 00:00:00 UTC,4050,228.4431,13706.59,203,29.64,165,47,9.42,2025-11-07 16:38:47.961547 UTC,,true
b02e6387-14a8-417e-a901-021da0af45ba,oMdVg6GPODA,Why Right NOW is a Great Time to Learn Data Science,2020-03-23 00:00:00 UTC,4027,121.402,7284.12,108,56.53,260,23,15.919,2025-11-07 16:38:47.961547 UTC,,true
f75f27cb-e815-4546-ac5e-f494176d97bd,9-2OKLZfvbE,Questions You Should Ask Your Data Science Interviewers,2020-01-06 00:00:00 UTC,2134,177.0787,10624.72,298,45.26,118,7,12.02,2025-11-07 16:38:47.961547 UTC,,true
27affcb1-e95a-42d1-aef6-14216b18da93,-ONQ628CXKQ,Data Scientist Reacts: REAL Data Science Job Application Data,2021-04-16 00:00:00 UTC,20158,1151.5371,69092.23,205,21.33,576,43,96.734,2025-11-07 16:38:47.961547 UTC,,true
f9037aa7-409f-4197-8abb-4669f35434c8,tG_UW_p0UqE,Is Spotify Shuffle Really Random? #Shorts,2021-07-21 00:00:00 UTC,6579,76.0888,4565.33,41,74.35,385,19,5.974,2025-11-07 16:38:47.961547 UTC,,true
cf6855b8-8883-45a3-90d5-40e72b24300e,GmW4F6MHqqs,Data Science Project from Scratch - Part 2 (Data Collection),2020-04-06 00:00:00 UTC,71147,8050.7031,483042.19,407,24.28,2378,241,411.331,2025-11-07 16:38:47.961547 UTC,,true
af2b0e90-63a1-4c37-a02b-b47460fd07c0,EAezvs0eL1s,Data Science Fundamentals: Linear Regression,2019-11-29 00:00:00 UTC,4844,393.3973,23603.84,292,12.62,140,20,22.508,2025-11-07 16:38:47.961547 UTC,,true
ff546c27-bab2-43b7-b87d-d8042531e3ec,2KkrtG5IsHo,Reviewing Your Data Science Projects - Episode 11(GITHUB CLEANING),2020-07-13 00:00:00 UTC,3352,165.8514,9951.08,178,31.86,131,22,14.529,2025-11-07 16:38:47.961547 UTC,,true
68d9eb09-69ba-45d2-83af-3d4b7fc3a168,2RWwN5ZT4tA,Should  @Luke Barousse Take This Data Analyst Job? (Funny) #Shorts,2022-01-14 00:00:00 UTC,2401,25.9375,1556.25,38,70.68,78,12,1.72,2025-11-07 16:38:47.961547 UTC,,true
5b12a0e6-3968-4c04-8753-d59f5271fb74,XGBigjVy2Eo,The Secret Data Scientists Don't Want You to Know,2020-03-16 00:00:00 UTC,9503,360.9566,21657.4,136,61.59,1079,52,44.203,2025-11-07 16:38:47.961547 UTC,,true
928aed75-b99b-439a-8832-2fd40244e494,nrEJGGxcoTc,Is Your Phone REALLY Listening to You?,2021-07-03 00:00:00 UTC,4569,192.1812,11530.87,151,50.14,273,46,19.933,2025-11-07 16:38:47.961547 UTC,,true
a1c83fa8-0a04-4659-b4b0-53fc322248f7,0jTtHYie3CU,Should You Be Excited About Web 3? (As a Data Scientist),2022-01-17 00:00:00 UTC,4383,192.5779,11554.67,158,48.5,267,37,16.549,2025-11-07 16:38:47.961547 UTC,,true
e03d8277-5955-45ae-b069-2f40c56aec10,d6FeV8WXPWY,5 Unusual Data Science Projects that Will Land You a Job,2020-10-09 00:00:00 UTC,7354,323.9475,19436.85,158,53.04,464,39,30.709,2025-11-07 16:38:47.961547 UTC,,true
186a80cc-95b3-4a1f-803a-c602f8de11c9,RAMxzqSMDKE,Reviewing Your Projects - Episode 16 (Project Review for Beginners),2020-08-17 00:00:00 UTC,2998,209.5669,12574.01,251,25.19,132,17,7.227,2025-11-07 16:38:47.961547 UTC,,true
8edffc46-bf2a-45b7-8152-6c37222aeaee,ITAxTid_1YU,My Daily Battle With Time - Will I Win? [Vlog],2021-03-08 00:00:00 UTC,3615,172.3023,10338.14,171,47.53,193,45,11.628,2025-11-07 16:38:47.961547 UTC,,true
33ff1180-bedb-429d-adb7-d4a11b081f8e,BXmEmIK5aqI,The 5 Stages of Data Science Adoption,2019-12-06 00:00:00 UTC,973,41.8022,2508.13,154,43.44,54,8,6.722,2025-11-07 16:38:47.961547 UTC,,true
1e8ccf76-b8a0-4b2e-a57e-d34b1d333f7e,IFceyuL6GZY,How I Became A Data Scientist From a Business Background,2018-11-12 00:00:00 UTC,5515,363.4858,21809.15,237,38.33,168,11,24.358,2025-11-07 16:38:47.961547 UTC,,true
ee6152e2-b526-4abf-8069-bf865b3024f0,rdo8YBasqqA,Reviewing Your Data Science Projects - Episode 13 (BONUS LinkedIn Review),2020-07-27 00:00:00 UTC,5106,316.0491,18962.95,222,30.52,248,50,16.516,2025-11-07 16:38:47.961547 UTC,,true
23ac6f47-8829-44bf-a13a-b72d4bddac2c,1aXk2RViq3c,How to Make A Data Science Portfolio Website with Github Pages,2020-05-15 00:00:00 UTC,69141,3791.5971,227495.83,197,23.81,2778,93,392.228,2025-11-07 16:38:47.961547 UTC,,true
bde64de0-e066-4e7f-8f5d-73515607249f,KHAuuOQui2U,What You Need to Know for a Data Science Internship,2020-05-01 00:00:00 UTC,12317,571.0671,34264.03,166,54.02,798,26,57.149,2025-11-07 16:38:47.961547 UTC,,true
5368a5d3-aca5-465c-9a03-b357b850e4b6,MpF9HENQjDo,Data Science Project from Scratch - Part 1 (Project Planning),2020-04-03 00:00:00 UTC,102854,3887.4233,233245.4,136,30.37,3197,82,445.187,2025-11-07 16:38:47.961547 UTC,,true
becff16d-db69-404d-9c47-569f8e912f7f,Z9dGmL2G-4k,Data Science Fundamentals: Data Exploration in Python (Pandas),2019-07-05 00:00:00 UTC,13658,1036.1894,62171.36,273,23.87,420,28,47.361,2025-11-07 16:38:47.961547 UTC,,true
5f0971fe-a4d3-4b7c-8b91-c8358d2605c8,iiSZqsQKNX8,#66DaysOfData - What is it? #shorts,2021-06-11 00:00:00 UTC,6101,54.2392,3254.35,32,68.1,297,26,12.009,2025-11-07 16:38:47.961547 UTC,,true
fcbc4816-e90b-435e-ac06-bb8f1d927fc5,3bes4U4MHPg,How to Integrate Data Science into Your Business,2020-03-02 00:00:00 UTC,1831,76.2714,4576.28,149,49.99,82,9,10.258,2025-11-07 16:38:47.961547 UTC,,true
50608c2a-8070-4bce-b3a5-e68c7fdba103,BBDiadC8BvE,5 Essential Data Science Projects for Your Portfolio,2020-09-26 00:00:00 UTC,51092,2095.848,125750.88,147,35.67,2462,134,229.705,2025-11-07 16:38:47.961547 UTC,,true
725328a9-f5ff-46f4-ab78-2081cf18024b,IoUWD1h6xUs,A Quick Data Science Project Tip! #SHORTS,2021-06-03 00:00:00 UTC,12328,118.3273,7099.64,34,58.57,712,36,12.688,2025-11-07 16:38:47.961547 UTC,,true
70b0efb7-627e-4cf6-8311-74858c462c68,r-DR9HBaipU,Kaggle Project From Scratch - Part 1 (Data Science Profession Survey),2021-01-02 00:00:00 UTC,25722,1637.6522,98259.13,229,25.64,951,71,110.216,2025-11-07 16:38:47.961547 UTC,,true
f6df4395-394f-408a-85c3-dd576fec1283,T77uVbLhroQ,How I Got My First Data Science Internship (And How You Can Land One),2019-06-21 00:00:00 UTC,20328,1404.5274,84271.64,248,39.29,1008,42,73.386,2025-11-07 16:38:47.961547 UTC,,true
72bf72e4-ff7c-4642-bf21-c11ee405f0b5,8nTmuKI2oyA,How I Use Data to Optimize My Life | What I Collect & How I Analyze It,2021-05-14 00:00:00 UTC,9135,495.671,29740.26,195,38.68,457,67,62.009,2025-11-07 16:38:47.961547 UTC,,true
20d6debe-1924-4d29-98f0-18abca5eca42,8igH8qZafpo,3 Proven Data Science Projects for Beginners (Kaggle),2020-02-17 00:00:00 UTC,237467,10560.3597,633621.58,160,35.26,14708,220,885.504,2025-11-07 16:38:47.961547 UTC,,true
3745b497-2702-4311-ba0f-15f6c9697415,5SjK6YCs4o4,The Data Science Interview: What to Expect,2019-12-30 00:00:00 UTC,6185,585.3392,35120.35,340,38.45,321,15,30.575,2025-11-07 16:38:47.961547 UTC,,true
2ff602f1-64d0-4e6f-b986-72b875fd4b61,mEZ1Hj5yQ-8,How to Build a Data Science Portfolio Website with Hugo & Github Pages [feat. Data Professor],2020-05-29 00:00:00 UTC,44924,3691.0734,221464.4,295,11.48,1559,131,253.83,2025-11-07 16:38:47.961547 UTC,,true
d035fc1a-1a57-4a9b-96bd-adbd44d45558,Ip50cXvpWY4,The Best Free Data Science Courses Nobody is Talking About,2020-03-09 00:00:00 UTC,297222,10465.0467,627902.8,126,33.8,19464,294,1217.046,2025-11-07 16:38:47.961547 UTC,,true
c406c6fc-f558-4e34-9766-73f9ba3c5382,myhoWUrSP7o,I Built the FIRST EVER YouTube Subscriber LEADERBOARD,2020-12-07 00:00:00 UTC,21008,696.8395,41810.37,119,17.48,675,151,56.411,2025-11-07 16:38:47.961547 UTC,,true
2ede216c-e392-441e-969d-726004156b1c,4039x4r-hGE,6 Lessons from #66DaysOfData,2020-11-13 00:00:00 UTC,6352,277.268,16636.08,157,32.81,337,47,28.224,2025-11-07 16:38:47.961547 UTC,,true
72809c2d-4d6a-4ad5-b875-d287e9e30a7e,ZWdyBbgGZBQ,Sports Analytics 101: The Pythagorean Theorem of Sports,2019-11-22 00:00:00 UTC,4343,220.6,13236,182,48.63,214,14,23.254,2025-11-07 16:38:47.961547 UTC,,true
20c84d0d-72be-4a2d-918d-517eecc4feec,sq5TnVJWv6A,Where YOU Should Start With Data Science Projects,2019-02-19 00:00:00 UTC,8026,240.4886,14429.32,107,23.1,217,10,27.329,2025-11-07 16:38:47.961547 UTC,,true
242af5e1-cf6c-4a41-9072-f06b847be4ba,EMq4PH7PCeA,How to Go From Data Analyst to Data Scientist,2021-04-02 00:00:00 UTC,40202,1509.924,90595.44,135,33.55,1176,73,175.663,2025-11-07 16:38:47.961547 UTC,,true
aca0fc13-b8ff-4974-9af1-cc4458984ad0,2OnXytYziF0,What is Sports Analytics Really?,2020-01-20 00:00:00 UTC,13322,679.4159,40764.95,183,44.13,423,34,64.297,2025-11-07 16:38:47.961547 UTC,,true
bf281618-a812-4270-9627-f984d248cc36,agHKuUoMwvY,Data Science Project from Scratch - Part 7 (Documenting Your Work),2020-04-17 00:00:00 UTC,12427,465.6674,27940.04,134,18.97,539,58,34.1,2025-11-07 16:38:47.961547 UTC,,true
f6f257e4-a47a-46e8-af11-167e8607e669,4OZip0cgOho,How I Would Learn Data Science (If I Had to Start Over),2020-05-08 00:00:00 UTC,1253559,65850.7042,3951042.25,189,36.65,46903,907,7959.533,2025-11-07 16:38:47.961547 UTC,,true
3f0aee00-751a-403f-9c99-cdeaa46a103b,j-Z-je6K4Yg,IT'S NOT TOO LATE TO LEARN CODE!,2018-12-18 00:00:00 UTC,721,22.545,1352.7,112,60.52,35,3,2.728,2025-11-07 16:38:47.961547 UTC,,true
524739d1-ca13-4e63-accf-a66ec0b25ba7,YR9Faf1uZDg,Unboxing the Ultimate Z by HP Data Science Package (FIRST EVER HP Workstation w/ Data Science Stack),2020-12-10 00:00:00 UTC,9268,464.6074,27876.44,180,32.4,366,64,49.296,2025-11-07 16:38:47.961547 UTC,,true
b2dd4f70-a6ef-487e-8808-20108204da09,6tQtwqthUMI,My First Data Science Contracting Side-Gig (How I Did It),2020-07-31 00:00:00 UTC,8643,555.1777,33310.66,231,43.22,492,40,39.915,2025-11-07 16:38:47.961547 UTC,,true
0c3aa315-6db0-436a-bdf5-9d78ec629321,sICJ6a2wX5g,#66DaysOfData - 3 Reasons to Start!,2021-06-18 00:00:00 UTC,3443,28.8076,1728.46,30,56.83,184,16,2.917,2025-11-07 16:38:47.961547 UTC,,true
c8f61e17-3790-43fe-af71-cf47a4f29a07,3ysXGYjvbSU,Why is Balance Important in Data Science?,2019-10-16 00:00:00 UTC,612,21.2073,1272.44,124,52.42,31,6,2.004,2025-11-07 16:38:47.961547 UTC,,true
c33c4e03-138b-45f6-9f1f-d20f54fb4c92,q8cEt8gj3zY,"Data Science, Machine Learning, and AI: What's the Difference?",2019-03-16 00:00:00 UTC,4722,193.2964,11597.78,147,55.4,131,14,26.586,2025-11-07 16:38:47.961547 UTC,,true
67c35dd4-bbc0-4a5d-8ea6-87a7323a2433,vy-R4oUZaC8,Data Science Project Example Start to Finish (Deep Learning Image Classifier),2020-03-20 00:00:00 UTC,9757,628.8956,37733.74,232,15.99,384,29,32.538,2025-11-07 16:38:47.961547 UTC,,true
