video_surrogate_key,video_id,video_title,video_publish_date,views,watch_time_hours,watch_time_minutes,avg_view_duration_seconds,avg_view_percentage,likes,comments_added,estimated_revenue_usd
85bd68f4-4ae6-4007-8e40-2cddd43473fb,74Z3F7i4qcI,5 Sports Analytics Books to Get You Started,2019-12-13 00:00:00 UTC,7386,322.7721,19366.33,157,36.76,273,27,28.125
c2142fbb-39ea-49e2-9250-f717122111f5,rdo8YBasqqA,Reviewing Your Data Science Projects - Episode 13 (BONUS LinkedIn Review),2020-07-27 00:00:00 UTC,5106,316.0491,18962.95,222,30.52,248,50,16.516
3653e515-55f5-419d-9d73-063c1f90095a,SsGKZe4dVyk,How a Subscriber Landed a Data Analyst Job in Less Than a Year (Ray Ojel) - KNN EP. 09,2020-08-19 00:00:00 UTC,25141,2833.7374,170024.24,405,18.91,1025,72,105.647
56bed99e-40e6-4e37-947b-d4eeedbf78a5,RRSRKf9eQxc,Should You Get A Masters in Data Science?,2018-11-14 00:00:00 UTC,18488,782.5937,46955.62,152,45.22,276,56,136.708
655fc897-9e3a-497e-9a57-701eb355edca,Q9FjwzKFPuM,Data Science Certificate vs Bootcamp vs Masters Degree,2020-01-18 00:00:00 UTC,92355,9057.2752,543436.51,353,36.21,2708,239,767.493
be3ec322-c5f8-4c95-985f-4de990bb59b7,5p73cIRYCZg,ProjectDemoCSC478_UFCFightData,2017-06-06 00:00:00 UTC,60,1.0684,64.1,64,8.79,1,0,0.003
c476c686-1c28-4045-bde3-e09ea258838f,oMdVg6GPODA,Why Right NOW is a Great Time to Learn Data Science,2020-03-23 00:00:00 UTC,4027,121.402,7284.12,108,56.53,260,23,15.919
133459e4-8f2b-4641-be0b-f045a5b390db,EAezvs0eL1s,Data Science Fundamentals: Linear Regression,2019-11-29 00:00:00 UTC,4844,393.3973,23603.84,292,12.62,140,20,22.508
c41ea408-624a-4232-8180-691981448c0d,1aXk2RViq3c,How to Make A Data Science Portfolio Website with Github Pages,2020-05-15 00:00:00 UTC,69141,3791.5971,227495.83,197,23.81,2778,93,392.228
b22739cf-0126-49be-9e3a-3bb683f69658,KfpOuSH9gDc,Kaggle vs Github - Which is Best for Your Data Science Portfolio?,2021-06-25 00:00:00 UTC,8832,402.3071,24138.43,163,43.38,416,47,38.723
4adf8ca6-e698-41b6-80b6-42a1c7374801,1FrY7ARSf10,9 Ways You Can Make Extra Income as a Data Scientist,2019-11-18 00:00:00 UTC,39347,2609.6311,156577.87,238,37.42,1573,48,207.518
1dc55ecb-7f8b-46e6-ba45-a18bfbaffae0,qP0hRF-lGqg,The Problem with Data Science,2020-02-28 00:00:00 UTC,3301,129.4233,7765.4,141,52.28,137,13,17.01
68d28e26-9fb9-46b2-9362-1c47fd73aa46,uXLnbdHMf8w,Why I'm Starting Data Science Over Again.,2020-08-29 00:00:00 UTC,49564,2148.311,128898.66,156,33.41,2622,375,155.779
85211e20-d8b2-46df-9a40-6afa50a9199a,qV_AlRwhI3I,What is the #66DaysOfData?,2020-12-26 00:00:00 UTC,52921,2070.8803,124252.82,140,29.91,1827,96,228.911
de9d790b-c6e1-4e09-9d94-131378d5d10f,7O4dpR9QMIM,Data Science Project from Scratch  - Part 5 (Model Building),2020-04-13 00:00:00 UTC,27648,3189.7254,191383.52,415,15.19,644,58,120.399
9a905734-3e9b-4984-aca8-27f25b1200c8,a-Syoa9mPhM,Take Your Data Science Projects From Good to Great,2019-08-05 00:00:00 UTC,1414,73.6503,4419.02,187,38.74,100,7,4.415
3c94e96e-d683-430a-8ba9-7ae625e71df3,Y_SMU701qlA,Predicting Season Long NBA Wins Using Multiple Linear Regression,2018-07-10 00:00:00 UTC,6863,276.7257,16603.54,145,26.93,159,7,19.772
d6065950-4da6-48dc-95c2-c098d108a041,S4Lei5mOppc,How I Learned to Learn.,2021-07-31 00:00:00 UTC,23506,2074.7039,124482.23,317,31.68,1455,71,163.843
1c43a7f5-7df0-45a5-8145-e44e45cffaee,n6MiRgxN5iA,Why EVERYONE Should Start a Podcast (Including YOU),2021-11-05 00:00:00 UTC,3092,134.9815,8098.89,157,36.81,189,25,13.118
490ca7e8-2ced-4092-9701-3fb3840cbac6,QWgg4w1SpJ8,Data Science Project from Scratch - Part 4 (Exploratory Data Analysis),2020-04-10 00:00:00 UTC,47193,7104.5262,426271.57,541,13.16,1408,85,208.805
84b0f56c-9ce8-4254-b150-719696263453,tG_UW_p0UqE,Is Spotify Shuffle Really Random? #Shorts,2021-07-21 00:00:00 UTC,6579,76.0888,4565.33,41,74.35,385,19,5.974
cf07f2fa-879d-444b-a817-b6ebda1f8a27,mEZ1Hj5yQ-8,How to Build a Data Science Portfolio Website with Hugo & Github Pages [feat. Data Professor],2020-05-29 00:00:00 UTC,44924,3691.0734,221464.4,295,11.48,1559,131,253.83
80e4862e-3080-4f88-9ead-c82357834576,Z9dGmL2G-4k,Data Science Fundamentals: Data Exploration in Python (Pandas),2019-07-05 00:00:00 UTC,13658,1036.1894,62171.36,273,23.87,420,28,47.361
250c5e74-154c-4c0e-ab48-368d4ea7503e,8Pi36Nj6P9A,What is Pandas? (Data & Data Science) #shorts,2021-04-30 00:00:00 UTC,12931,90.3324,5419.94,25,42.62,489,38,7.744
f54bc8c3-dd1d-42fd-807e-777951b4554f,AqPquogHwq0,Where to Start Learning Data Science,2020-07-03 00:00:00 UTC,16882,616.9814,37018.88,131,49.09,724,58,56.64
9b1b2226-e1c3-4ffe-8d8f-0fc0e3146f52,hOUrxTeBJQc,The 7 Biggest Data Science  Beginner Mistakes,2021-04-23 00:00:00 UTC,48261,3082.4798,184948.79,229,38.26,2252,117,372.245
32d21d76-4dfb-49e7-ac15-f0834f56c29a,tnpV1etgcxs,The PODCAST you might have asked for?,2020-10-19 00:00:00 UTC,1836,26.4346,1586.08,51,37.29,94,39,5.906
cd2bbf76-93cd-46c3-afcb-25929f352692,n3vw0M5RrPU,How I Learned Data Science,2020-01-27 00:00:00 UTC,87169,5043.1516,302589.1,208,25.84,2514,101,699.558
fd7e6103-8f9c-4e5e-bf11-9390997272b6,2OnXytYziF0,What is Sports Analytics Really?,2020-01-20 00:00:00 UTC,13322,679.4159,40764.95,183,44.13,423,34,64.297
b78b4dbc-1bf0-4d13-b3d6-43fa50baea08,VvnOXDCVm8k,Project Presentation - Expectations vs. Reality (funny) #shorts,2021-08-07 00:00:00 UTC,5932,74.4665,4467.99,45,76.6,230,17,6.17
8c04a269-98ad-46fc-a36d-d538011eb7ee,8Vxjp2KVHqs,Reviewing Your Data Science Projects - Episode 21(The Cleanest Portfolio),2020-09-21 00:00:00 UTC,8700,598.3585,35901.51,247,26.51,371,31,34.626
a03c894b-3c4c-402c-bbd0-68d1b1a6a75e,78LjdAAw0wA,100K Channel Update + AMA Stream!,2020-11-12 00:00:00 UTC,2291,200.2966,12017.8,314,6.26,130,412,6.113
2841e3c1-9c04-443b-82d4-babb2a31742f,akbU9KOo_Qc,How to Stay Productive & Motivated When Learning Data Science,2019-09-29 00:00:00 UTC,9669,654.2339,39254.03,243,36.25,501,27,41.711
1a579cde-eb78-4ebf-9d95-837448b03754,nrEJGGxcoTc,Is Your Phone REALLY Listening to You?,2021-07-03 00:00:00 UTC,4569,192.1812,11530.87,151,50.14,273,46,19.933
441cc9cb-607e-451e-9105-b8d3da68b798,rEWPqw6rMGI,The Only Data Science Explanation You Need,2022-01-10 00:00:00 UTC,10277,801.5549,48093.29,280,35.49,722,62,60.498
8e5ef405-6633-442d-8337-f5a002666196,GO420aMtHfk,Kaggle Project From Scratch - Part 3 (Advanced Graphs & Gender Imbalance Analysis),2021-01-16 00:00:00 UTC,6827,584.6419,35078.51,308,8.43,239,33,27.292
61ae93f9-1396-4ed1-b241-0ef2e89cc802,DW55gaQ_Egk,Reviewing Your Data Science Projects - Episode 1 (Exploratory Analysis),2020-04-27 00:00:00 UTC,7480,452.4784,27148.7,217,30.76,332,27,23.044
60f576f6-e423-4b8f-a78f-c8c5a34baae5,OtqQYqRNDGI,ðŸŒ¶ Hot Topics in Tech: Data Science Explained #SHORTS,2021-01-29 00:00:00 UTC,8009,79.7725,4786.35,35,60.78,380,56,10.292
7a6d3ea3-793c-439b-a1c9-bfb88b6c7795,4OZip0cgOho,How I Would Learn Data Science (If I Had to Start Over),2020-05-08 00:00:00 UTC,1253559,65850.7042,3951042.25,189,36.65,46903,907,7959.533
67dcca73-f06e-4db5-a01c-ab31e7d65493,j-Z-je6K4Yg,IT'S NOT TOO LATE TO LEARN CODE!,2018-12-18 00:00:00 UTC,721,22.545,1352.7,112,60.52,35,3,2.728
fae786a8-349e-4c19-bbbe-1645eceb8d68,35g8fCi-kbw,7 Incredible Books That Transformed My Health and My Life,2021-11-12 00:00:00 UTC,6192,368.9579,22137.47,214,27.05,343,56,24.375
7b52e120-a4a3-44ed-8301-22062d2a71f4,tJI-1mHeXoA,How to Build a Website  - Building my ULTIMATE Portfolio Website,2021-02-19 00:00:00 UTC,5483,274.8013,16488.08,180,11.83,157,32,47.386
7e3a2cd1-e498-4544-8175-f4f314c3b008,q8cEt8gj3zY,"Data Science, Machine Learning, and AI: What's the Difference?",2019-03-16 00:00:00 UTC,4722,193.2964,11597.78,147,55.4,131,14,26.586
51f5f13e-0c1c-4367-81dd-b44890a16859,s1gD35Z4eUc,Why are APIs Important for Data Science?,2021-07-09 00:00:00 UTC,6540,309.6966,18581.8,170,52.94,351,37,37.014
dd30338d-de75-4c61-8e25-896aa2a4a194,QN3wXPZSjpE,Do You Have a Data Science Mentor? (@Danny Ma) - KNN EP. 06,2020-07-30 00:00:00 UTC,2188,231.3275,13879.65,380,16.61,115,172,7.701
7dae13cc-660d-4f5c-b5f4-7ffc4dd55b3c,WRF_dKZ_i24,Sh*t Data Scientists Say (Parody),2020-10-05 00:00:00 UTC,8724,197.4765,11848.59,81,63.66,568,69,20.731
2f35331b-74ab-4529-8918-cb0b7ef39c63,SaWxVk7rDp4,What is a lambda function (python)? #shorts,2021-05-13 00:00:00 UTC,8275,85.6748,5140.49,37,66.56,540,24,6.943
04639fde-e8d7-4705-8557-e880af9bd893,143WWA5Sy9k,I Eat a Papaya Live on Stream (Plus Q&A for 150K Subs!),2021-07-16 00:00:00 UTC,2271,165.2476,9914.86,261,5.23,93,13,5.929
cd7d2d86-66f4-42d3-be1b-dcffb6ddd3a6,T7BQJJIGrmc,Data Science: Pros and Cons,2019-06-30 00:00:00 UTC,3919,217.5296,13051.78,199,45.21,177,12,17.27
cb44e8e6-3365-4a54-924b-248200580a56,nUOh_lDMHOU,Data Science Project from Scratch -  Part 6 (Putting the Model into Production),2020-04-15 00:00:00 UTC,18329,1614.7837,96887.02,317,14.37,549,44,51.945
bfc1c239-7fab-48ba-8974-7b34688e4e4d,ammCGdzSoag,Building a Burrito Dashboard - Data Science Project from Scratch with atoti,2021-10-29 00:00:00 UTC,5883,368.4759,22108.55,225,7.6,191,22,32.398
75b4856a-4f4b-40d6-8b01-0b06faf8d1b0,QQLToUlgN7A,The Best Computer for Data Science Beginners,2020-07-10 00:00:00 UTC,27597,1232.5698,73954.19,160,40.7,691,66,97.057
82d6c7d3-0fb3-47ec-bcee-62408633efdb,ITAxTid_1YU,My Daily Battle With Time - Will I Win? [Vlog],2021-03-08 00:00:00 UTC,3615,172.3023,10338.14,171,47.53,193,45,11.628
d61399af-d088-4d30-9b79-18647e19b00e,IFceyuL6GZY,How I Became A Data Scientist From a Business Background,2018-11-12 00:00:00 UTC,5515,363.4858,21809.15,237,38.33,168,11,24.358
47f43e45-18bc-431e-bcd5-2eea505b3c3a,tv1e22u2COk,My Top 5 Data Science Resources for 2019,2019-01-05 00:00:00 UTC,3406,109.5298,6571.79,115,32.98,112,7,12.416
c46a817b-e5e4-4b4a-93d9-ad26d6db9597,o-wsyxWbPOw,We Need to Talk About The LinkedIn Machine Learning Assessment.,2022-01-03 00:00:00 UTC,11808,545.6332,32737.99,166,45.08,592,65,62.568
df60d7f4-4ae0-45c6-9753-da268eb1f191,ei1m5lDQyBg,Data Science in Sports - Talk for Northwestern (Kellogg) MBA Students,2020-04-22 00:00:00 UTC,2794,283.7009,17022.05,365,15.98,80,14,21.144
3972ceb4-c953-468a-9023-0dc9ac879cfe,f6NPw582FFc,Data Science Explained with ... Cooking?,2020-02-07 00:00:00 UTC,3947,236.9106,14214.64,216,40.54,258,24,18.412
3769c50d-a6df-4df9-86e9-73c028d7fb2b,myhoWUrSP7o,I Built the FIRST EVER YouTube Subscriber LEADERBOARD,2020-12-07 00:00:00 UTC,21008,696.8395,41810.37,119,17.48,675,151,56.411
fdec9133-7006-477a-91f1-3f4c60778631,_0rHU6qAQe0,git for Data Science Made Simple... (Hopefully),2020-10-23 00:00:00 UTC,12643,526.0772,31564.63,149,38.21,638,48,48.982
838a5435-c7e2-4154-960f-6f3f9637fa6f,agHKuUoMwvY,Data Science Project from Scratch - Part 7 (Documenting Your Work),2020-04-17 00:00:00 UTC,12427,465.6674,27940.04,134,18.97,539,58,34.1
59675f17-ea9d-4cf8-9ba8-961447baf737,4CpmB4TR2C4,Work From Home Data Scientist: Day in the Life,2019-04-12 00:00:00 UTC,26586,1143.6495,68618.97,154,46.79,728,46,91.069
1159ded6-2c55-4ea7-aa81-f171ec86f30b,UKuK2fXu_dU,Why Data-Viz is so Darn Important (@Story by Data | Kate Strachnyi) - KNN EP. 16,2020-09-30 00:00:00 UTC,6692,678.5389,40712.33,365,15.53,281,29,29.907
373d1468-d31d-4a57-9cc4-967127a2b667,jam0xApfC-U,Reviewing Your Data Science Projects - Episode 3 (Student Portfolio),2020-05-11 00:00:00 UTC,4028,220.7436,13244.62,197,24.55,149,32,11.996
0c7eca4c-9ba3-4b58-86d9-f13e1121d913,KMOA5arCi8g,What I Learned From My Three Degrees,2019-05-17 00:00:00 UTC,1079,90.3894,5423.36,301,39.58,56,7,3.707
6911282e-4cec-4b63-8b67-4a8afb7f2cc4,hO_YKK_0Qck,Uber Driver to Machine Learning Engineer in 9 Months! (@Daniel Bourke) - KNN EP. 05,2020-07-16 00:00:00 UTC,21350,3687.3387,221240.32,621,15.12,881,402,202.963
fc7e80e7-a5f0-4e36-92f6-18cf18c41b74,xpIFS6jZbe8,How I Would Learn Data Science in 2022 (If I Had to Start Over),2021-12-27 00:00:00 UTC,79283,5945.542,356732.52,269,36.77,4413,109,528.286
55787b87-6654-48d6-8aa3-faeaa6e805b5,KHAuuOQui2U,What You Need to Know for a Data Science Internship,2020-05-01 00:00:00 UTC,12317,571.0671,34264.03,166,54.02,798,26,57.149
30b1d52e-7c98-422a-8cfa-0d1296d3c912,AxP1CL0yaFQ,Should You Learn R for Data Science?,2019-04-25 00:00:00 UTC,15243,560.9369,33656.21,132,53.42,444,39,73.118
083cca17-171d-41ed-a1c1-dd2deac875ce,XWetgrNas-k,What Does a Data Scientist Actually Do?,2019-07-19 00:00:00 UTC,25402,1327.9255,79675.53,188,48.63,905,37,224.411
4ec35ef8-2a75-454c-8323-db4ede756ba8,g7on3Rw0Ovg,Fast Cars to Faster Data (Alex Castrounis) - KNN EP. 12,2020-09-09 00:00:00 UTC,1823,189.3334,11360,373,11.37,75,118,9.893
c2c30433-7d94-455e-8cfb-bc6305f20fce,QBIe4nbmZfA,Reviewing Your Data Science Projects - Episode 2 (Resume and Portfolio),2020-05-04 00:00:00 UTC,4581,268.8326,16129.96,211,30.05,175,19,21.129
7dab1484-c64b-45ef-8213-ba8707e9c3c9,FBgs-BSTIJE,Demystifying Data Science Roles,2018-11-30 00:00:00 UTC,978,56.593,3395.58,208,55.55,48,3,5.103
2c5beeab-184c-46a2-8f89-1f68614ad687,GmW4F6MHqqs,Data Science Project from Scratch - Part 2 (Data Collection),2020-04-06 00:00:00 UTC,71147,8050.7031,483042.19,407,24.28,2378,241,411.331
82c3456d-ea82-4690-bb22-10b5056c201b,KU__lDJj5iU,How Data Science Projects Pay Off,2021-05-22 00:00:00 UTC,9342,431.1819,25870.91,166,43.05,565,60,44.874
04a04515-dc88-47e2-9567-683986ff59fe,DopikusDfk0,Collision Course: Sports Betting + Data Science,2019-12-20 00:00:00 UTC,10291,427.0386,25622.32,149,42.08,342,13,55.502
7c5a9bdf-d02c-4b67-a878-8564e69432a9,yIJrCFXs0rU,Data Science Fundamentals: Data Manipulation in Python (Pandas),2019-07-13 00:00:00 UTC,8633,957.2203,57433.22,399,15.42,246,22,57.53
01958af6-b500-47c6-93bd-2eb360919eac,iiSZqsQKNX8,#66DaysOfData - What is it? #shorts,2021-06-11 00:00:00 UTC,6101,54.2392,3254.35,32,68.1,297,26,12.009
acebd632-d541-48f2-8ad3-6306f689bf69,5SjK6YCs4o4,The Data Science Interview: What to Expect,2019-12-30 00:00:00 UTC,6185,585.3392,35120.35,340,38.45,321,15,30.575
4b6dcdb7-3543-4099-8bb4-66e27d9b79c4,ji7DtgUeKCI,7 Things to Look For in a Masters For Data Science (feat. @Tina Huang),2020-11-20 00:00:00 UTC,18307,1173.5318,70411.91,230,41.96,618,71,152.286
e5117d7f-c21e-4171-88f8-ec86e9d0c804,_CS4u9cORwA,Was Captain Marvel Bad? A Sentiment Analysis of Twitter Data,2019-03-09 00:00:00 UTC,3673,173.9694,10438.16,170,37.81,162,9,9.996
c2e1259a-a375-4468-a278-3d1cc46f725f,Xgg7dIKys9E,Interview with the Director of AI Research @ NVIDIA (Anima Anandkumar) - KNN EP. 07,2020-08-05 00:00:00 UTC,13429,1034.3945,62063.67,277,9.55,590,329,39.92
a5c64109-aa4a-4623-8fed-096bf72cce8f,41Clrh6nv1s,How I Would Learn Data Science in 2021 (What Has Changed?),2020-12-19 00:00:00 UTC,123515,7724.2735,463456.41,225,41.01,5869,232,929.4
15942999-73e9-4bea-9a63-5b52a4274331,7JCterBrcvk,Discouraged with Data Science? - Watch THIS video.,2021-05-28 00:00:00 UTC,6825,414.003,24840.18,218,33.91,388,76,49.835
3b47867a-5659-4484-ae29-a8452b2dae23,k4r_NtB4JVQ,Golf: Would You Rather Be the LONGEST or STRAIGHTEST Driver on the PGA Tour?,2019-11-25 00:00:00 UTC,816,36.1463,2168.78,159,34.52,42,5,1.995
61e794c7-f9b5-41a8-9091-879daaad3c31,3ysXGYjvbSU,Why is Balance Important in Data Science?,2019-10-16 00:00:00 UTC,612,21.2073,1272.44,124,52.42,31,6,2.004
ee1b3f00-ac73-4c17-9d9e-9f5bacded95f,apf6A3Nstm8,Reviewing Your Data Science Projects - Episode 20 (Bootcamp Capstone),2020-09-14 00:00:00 UTC,3673,302.0791,18124.75,296,25.5,157,18,21.971
e95e2155-d48e-4f05-a168-a8117dd5ca0c,8igH8qZafpo,3 Proven Data Science Projects for Beginners (Kaggle),2020-02-17 00:00:00 UTC,237467,10560.3597,633621.58,160,35.26,14708,220,885.504
d0aaac9a-503a-40a8-9b35-780c701b228f,vfV4nm004VQ,How She Dominated the FAANG Data Science Interview  (@Tina Huang ) - KNN EP. 11,2020-09-02 00:00:00 UTC,15766,1506.08,90364.8,343,12.8,515,38,64.43
9359baf7-3cf6-47da-afdd-c0b9d2c4c310,xjhW1rSQeik,Data Science Advice for College Students,2020-02-14 00:00:00 UTC,62154,2600.7865,156047.19,150,23.07,1786,74,64.526
52cb9949-a5be-4f18-b591-86cd2de9bae2,ZWdyBbgGZBQ,Sports Analytics 101: The Pythagorean Theorem of Sports,2019-11-22 00:00:00 UTC,4343,220.6,13236,182,48.63,214,14,23.254
7d7b41cd-cb53-47b8-8f51-56bb6274dea6,6sJEnzDjJqI,Where to Look for Data Science Jobs,2019-03-29 00:00:00 UTC,2583,108.8033,6528.2,151,41.43,99,7,10.305
a9ea4fb0-a89d-4ca7-b895-b8f32cef492f,iGUiLWFDWfk,Don't Buy My Course..,2020-08-21 00:00:00 UTC,7196,285.2142,17112.85,142,27.28,361,66,27.558
0978ac9d-4c7e-44ec-bb14-c0d5f0ace7f4,TjGFBQC27ng,Business Skills for Data Science: What are they REALLY?,2021-10-18 00:00:00 UTC,4413,285.1689,17110.13,232,35.84,228,29,28.034
61749b09-eff0-481d-9d1c-95362497b524,6tQtwqthUMI,My First Data Science Contracting Side-Gig (How I Did It),2020-07-31 00:00:00 UTC,8643,555.1777,33310.66,231,43.22,492,40,39.915
772a3916-a2b3-41f0-85ae-028a91f6ee16,BBDiadC8BvE,5 Essential Data Science Projects for Your Portfolio,2020-09-26 00:00:00 UTC,51092,2095.848,125750.88,147,35.67,2462,134,229.705
12be0166-9d83-45fd-be6e-1b5e4d42ecdc,sHRq-LshG3U,Why You Probably Won't Become a Data Scientist,2021-04-09 00:00:00 UTC,108133,6435.5906,386135.44,214,41.36,3225,213,601.671
52749d33-caf7-47b8-a572-801778105ceb,Uf0dO-pgOrk,Dealing with Doubt in Data Science (My Impostor Syndrome Story),2020-10-16 00:00:00 UTC,6282,297.038,17822.28,170,49.06,446,62,28.529
e4ad0226-1905-41cd-bfb3-8371d8b0b083,9-2OKLZfvbE,Questions You Should Ask Your Data Science Interviewers,2020-01-06 00:00:00 UTC,2134,177.0787,10624.72,298,45.26,118,7,12.02
f101b4d0-5210-4968-a825-9e912a3c9a31,3cDM9Z-fdz4,Golf STATS: Strokes Gained Explained,2019-06-07 00:00:00 UTC,4151,356.7836,21407.02,309,53.81,108,6,31.192
3fcf8812-6945-4d28-9537-eb7b1048baf3,BXmEmIK5aqI,The 5 Stages of Data Science Adoption,2019-12-06 00:00:00 UTC,973,41.8022,2508.13,154,43.44,54,8,6.722
428c3934-f72b-47cd-aa7b-f02b51b80297,PWmxLYTixAM,Reviewing Your Data Science Resumes - Episode 12 (3 Different Resumes!),2020-07-20 00:00:00 UTC,21053,1439.8604,86391.62,246,23.14,465,38,166.547
5f482f2c-d1b0-4664-829a-e50b865be1d2,iqG59TqfFdY,5 Data Science Resolutions for 2020,2019-12-27 00:00:00 UTC,455,16.6975,1001.85,132,43.75,24,7,1.094
c2f90b5a-cacb-4fd9-a361-c40ddff17bf0,lsXWVPzwZPk,Critiquing MY OWN Data Science Resume,2020-07-06 00:00:00 UTC,10854,616.5407,36992.44,204,28.84,371,42,38.494
a9c85b1f-000e-4247-85c1-cc9782d397b2,fhi4dOhmW-g,Data Science Project from Scratch - Part 3 (Data Cleaning),2020-04-08 00:00:00 UTC,50234,6235.4662,374127.97,446,16.98,1301,129,216.892
dcf87ce8-ee58-44ab-b38e-3a71b358d16f,UuR3nomI5AE,Reviewing Your Data Science Projects - Episode 14 [Deep Learning Focus],2020-08-03 00:00:00 UTC,4470,285.8419,17150.51,230,22.37,187,27,10.965
0dee8249-72c5-4de8-9cec-fe9ed88a253d,9D7GzskcyUk,5 Tips for Crushing the Work From Home Life,2020-04-20 00:00:00 UTC,4934,164.449,9866.94,119,34.98,200,18,46.759
88e69793-77b4-4fd1-aa07-0d7494828984,HJH0gfY6EUg,Reviewing Your Data Science Projects - Episode 5 (Very Detailed Project),2020-05-25 00:00:00 UTC,20655,582.0329,34921.97,101,9.62,503,41,205.73
6cacfa4e-8b89-4cc9-8187-92d33cfdc006,FqNpDNmpcEo,How Zillow Lost $500 MILLION With Machine Learning,2021-12-03 00:00:00 UTC,16933,1440.0058,86400.35,306,44.63,869,62,119.891
3b273178-dbe2-4741-b5ce-1d08b235c65d,3bes4U4MHPg,How to Integrate Data Science into Your Business,2020-03-02 00:00:00 UTC,1831,76.2714,4576.28,149,49.99,82,9,10.258
12ca8060-bfa7-4e56-9862-41ba72a22ddf,aaAZXeuPIXk,How Much Did Cheating Help the Astros Win? (What the Numbers Say),2020-02-24 00:00:00 UTC,959,45.6196,2737.18,171,44.83,42,8,2.911
a147ed52-849c-4d58-9cde-2c99ad68b786,IoUWD1h6xUs,A Quick Data Science Project Tip! #SHORTS,2021-06-03 00:00:00 UTC,12328,118.3273,7099.64,34,58.57,712,36,12.688
833defb2-69d3-42cc-8edd-2d339d264b06,sICJ6a2wX5g,#66DaysOfData - 3 Reasons to Start!,2021-06-18 00:00:00 UTC,3443,28.8076,1728.46,30,56.83,184,16,2.917
3422d742-7087-4cab-b86a-7a1078ca4ecd,sq5TnVJWv6A,Where YOU Should Start With Data Science Projects,2019-02-19 00:00:00 UTC,8026,240.4886,14429.32,107,23.1,217,10,27.329
68d0a0db-7b28-479e-82df-2f66625d0335,_K6cNdgN3CI,Reviewing Your Data Science Projects - Episode 4 (Resume & Github),2020-05-18 00:00:00 UTC,10762,273.8722,16432.33,91,10.32,174,24,74.043
80523f19-c503-4471-bb31-8e8e4ea34085,BlSrorP32WM,Why I Have 2 Offices for Data Science & Content Creation,2021-03-26 00:00:00 UTC,3543,176.9124,10614.74,179,36.31,134,41,20.258
68b2804f-32db-47e8-aa8b-ee5d7db28c1e,WnB1jsDu900,Reviewing Your Data Science Projects - Episode 8 (College Student Help),2020-06-15 00:00:00 UTC,4050,228.4431,13706.59,203,29.64,165,47,9.42
b149b96b-41fa-48fb-b53f-3f77de6df62a,S_CuB__nsmI,Sports Analytics & Streaming Data Science on Twitch (Nick Wan) - KNN EP. 08,2020-08-12 00:00:00 UTC,4415,405.6021,24336.13,330,7.32,178,209,32.826
bbe1b1d6-41a2-4646-919e-34ef1ed2cdd4,XoUyK3XHZHs,Watch This Before Applying to Data Science Jobs,2019-02-04 00:00:00 UTC,1261,80.6655,4839.93,230,38.38,53,6,5.558
1a4b9f03-586c-40b3-9906-b771c0660ed5,dlZWB2D-NaQ,The 4 Types of Sports Analytics Projects,2020-02-03 00:00:00 UTC,17982,868.6597,52119.58,173,40.96,637,26,99.587
c97752c6-e96a-4d7e-b8bc-382be85cd48c,pWVQ0vN5uig,How To Get Data Science Experience (Without a Job),2019-08-08 00:00:00 UTC,26360,1461.8508,87711.05,199,40.33,1272,35,126.423
870e0470-95db-4d06-b19c-24b2ca925653,VN12ZPFsApM,How To Learn Programming for Data Science [3 Steps],2020-01-13 00:00:00 UTC,25616,1450.8856,87053.14,203,41.96,1785,37,135.767
0878dcf2-64c9-44a4-868d-85e4804684fb,15c7WD-lKUY,ML Ops: What is it REALLY?,2021-10-22 00:00:00 UTC,4252,190.2194,11413.16,161,43.53,219,35,25.224
ff2c6903-90ef-4cf0-ade8-21da81be6124,7VcdvSyoxnc,His Startup Will Land You a Data Science Job (Jeremie Harris) - KNN EP. 15,2020-09-23 00:00:00 UTC,4566,496.2556,29775.34,391,10.56,183,23,47.428
9cc20d11-ba42-47bc-a72e-67dc1272cbe7,vQGJvmhpq_s,The Plagiarism Problem in Data Science,2020-08-07 00:00:00 UTC,12675,666.0547,39963.28,189,40.51,631,71,40.357
8243998e-d4d5-4c7f-8fe9-dea52d6c8e9d,1Cf7SdnBncg,My Top 5 Data Science Internship Tips,2019-06-15 00:00:00 UTC,8420,500.1532,30009.19,213,44.37,387,9,41.664
d442138a-7dcc-4fa3-bd0e-6c2833cf5b49,zF_Q2v_9zKY,Scrape Twitter Data in Python with Twitterscraper Module,2019-04-18 00:00:00 UTC,41506,1567.3451,94040.71,135,35.96,783,161,121.302
4629ec2e-3a69-4396-90d7-158379123472,WKXtTo7lqmA,Data Science Fundamentals: SQL Queries,2020-01-10 00:00:00 UTC,4774,333.1141,19986.85,251,12.16,168,15,16.489
27d322e3-b5cc-4926-9d0f-a4ca1409998b,XGBigjVy2Eo,The Secret Data Scientists Don't Want You to Know,2020-03-16 00:00:00 UTC,9503,360.9566,21657.4,136,61.59,1079,52,44.203
1cc8e852-8faf-4521-a2c6-2048104dcbf8,XTrlMQXYqts,Why You DON'T Want to be a WFH Data Scientist,2019-03-03 00:00:00 UTC,664,22.6338,1358.03,122,48.31,28,7,2.376
33346f9e-a8e8-4486-bb1f-c1afba8f6126,smeFkHwnM_k,Welcome To My Channel | Ken Jee | Data Science,2019-03-03 00:00:00 UTC,1225,9.6188,577.13,28,55.43,30,4,6.115
6dcdcdc2-18b0-4db8-ad09-15efff538e14,5jntoZX-Tc8,NASA Physicist Turned Data Scientist (Tim Bowling) - KNN EP. 02,2019-05-05 00:00:00 UTC,1094,57.6363,3458.18,189,16.93,38,2,2.9
1bb57391-f829-4b9d-985e-41d8dc00ff1a,yUrrf3Pm33s,Find a Data Science Project With These 3 Techniques,2020-11-06 00:00:00 UTC,13931,559.7703,33586.22,144,28.2,600,49,51.968
1293dc56-d09c-4e30-8b93-589864ce4618,YR9Faf1uZDg,Unboxing the Ultimate Z by HP Data Science Package (FIRST EVER HP Workstation w/ Data Science Stack),2020-12-10 00:00:00 UTC,9268,464.6074,27876.44,180,32.4,366,64,49.296
4f5d6a34-ed8e-4323-bccb-a089f4b4f186,SVtRsDhHlDk,Why I Quit Data Science,2021-02-12 00:00:00 UTC,98777,3756.0683,225364.1,136,40.99,2274,165,399.18
55851097-74d2-4032-a74e-df7063071762,_rbrdNTpZGo,Building a Deep Learning BEAST (NVIDIA TITAN RTX + RYZEN 3900X),2020-07-24 00:00:00 UTC,7865,350.1646,21009.88,160,27.73,247,158,25.339
fdd0915a-7ae6-434b-b266-614e68553fe2,zSwM5uVeylU,Math Needed for Mastering Data Science,2019-12-09 00:00:00 UTC,48401,1922.7679,115366.07,143,49.15,2529,98,219.501
51937fa2-d23f-4f6f-9d80-2bb1be8390be,LGEuDWjWQes,Applying Data Science To My YouTube Data: My Surprising Findings,2019-11-11 00:00:00 UTC,5642,179.2321,10753.93,114,13.73,131,14,19.53
2d0fcb12-519a-436d-b834-7b40e8a9b082,rLawTH--l2Y,Reviewing Your Data Science Projects - Episode 19 (One Big Improvement),2020-09-07 00:00:00 UTC,3615,264.8199,15889.19,263,28.76,164,22,13.426
11e79a4d-9ed0-4e3a-bb37-b5fe7b31f9e8,3BEtGaz70rQ,How Far Should the NBA 3-Point Line Actually Be?,2019-09-21 00:00:00 UTC,2312,128.4624,7707.74,200,34.67,86,13,5.466
846e9054-3dfb-45bb-90c9-2977d416a6d0,3TrAYmrmA8o,The 9 Books That Changed My Perspective in 2019,2020-01-03 00:00:00 UTC,3037,195.876,11752.56,232,23.69,173,13,5.485
c1a4ae1c-4d06-4459-8055-e20e6eece505,n7kjelw9s2w,Why Kaggle Should Be Your Favorite Data Science Resource #shorts,2021-05-07 00:00:00 UTC,14780,128.0017,7680.1,31,52.84,640,44,13.458
25d43976-7f9c-47df-8237-b7ccb24e0334,vy-R4oUZaC8,Data Science Project Example Start to Finish (Deep Learning Image Classifier),2020-03-20 00:00:00 UTC,9757,628.8956,37733.74,232,15.99,384,29,32.538
85ff00b2-350a-45b9-b652-c5fa32add7be,zGlJ-QndG8E,How to Get a Data Science Job at FAANG (@Data Science Jay) - KNN EP. 03,2020-06-26 00:00:00 UTC,11872,759.2818,45556.91,230,27.81,450,135,61.23
a631818a-9e66-48e8-b370-72e68581210d,-zbLpoJVBMI,What the Heck is WSL 2? (My New Favorite Tool),2021-12-17 00:00:00 UTC,5004,202.1937,12131.62,145,39.53,237,29,18.005
75ff8127-d019-41b9-9cf0-3b459130ae31,fjVVtvp5X0w,Why Selling Is An Important Data Science Skill,2019-11-04 00:00:00 UTC,1418,88.5893,5315.36,224,33.77,70,7,5.685
23b1d36e-0875-461e-bbc7-3d7ae803e366,SLC5sPZSLY4,How YOU Can Land a Sports Analytics Job,2019-12-02 00:00:00 UTC,50498,2573.2835,154397.01,183,37.9,2323,106,214.234
8bf8ac48-16c9-4b1d-b1e0-72e2344b9f55,r-DR9HBaipU,Kaggle Project From Scratch - Part 1 (Data Science Profession Survey),2021-01-02 00:00:00 UTC,25722,1637.6522,98259.13,229,25.64,951,71,110.216
cbd847d7-56db-42a3-bdd0-8adf5a896436,Fs_LG5Y8GIU,Can You Learn Data Science Without a Computer?,2020-03-11 00:00:00 UTC,1102,30.8441,1850.65,100,50.63,86,9,3.756
f2a053ff-b22d-4a79-8b63-7fdb5aa285f0,yukdXV9LR48,The Projects You Should Do To Get A Data Science Job,2019-07-30 00:00:00 UTC,131630,7153.7437,429224.62,195,25.41,5218,124,504.669
11f953b8-4c94-4763-83ad-563559453353,KEBVcVwFzaI,Reviewing Your Data Science Projects - Episode 15 (Quant Finance),2020-08-10 00:00:00 UTC,7705,520.0262,31201.57,242,25.1,270,20,36.566
af9bca64-738d-4e16-b26d-e4fca0cbc3c4,6aaIbd-GpZs,Should You Major in Data Science? (Jaemin Lee) - KNN EP. 04,2020-07-08 00:00:00 UTC,5799,343.5796,20614.78,213,17.97,223,173,29.56
785d7dea-cd04-402e-a687-377e09c878a9,omdhf8d53FM,Land a Data Science Job in a Different Country (Vijay Pravin Maharajan) - KNN EP. 13,2020-09-16 00:00:00 UTC,4885,259.9246,15595.48,191,12.09,202,25,12.511
828616f0-4057-43e7-9bd5-1d85c9e2b11e,a3VWq9smqhM,How to ULTRALEARN Data Science,2020-03-27 00:00:00 UTC,55316,2890.0054,173400.32,188,40.98,3530,79,253.249
b4f5d3e0-a520-40d4-909b-eaf217a3d1f9,T77uVbLhroQ,How I Got My First Data Science Internship (And How You Can Land One),2019-06-21 00:00:00 UTC,20328,1404.5274,84271.64,248,39.29,1008,42,73.386
6cd06f21-3a58-4f34-a967-d973caff9200,d6FeV8WXPWY,5 Unusual Data Science Projects that Will Land You a Job,2020-10-09 00:00:00 UTC,7354,323.9475,19436.85,158,53.04,464,39,30.709
bed3045f-73cd-41ad-b9ee-4bd558b3d251,fU3DOXjwufg,What is the Future of my Comment Leaderboard Project?,2021-02-26 00:00:00 UTC,4912,141.5038,8490.23,103,30.32,197,36,14.455
d4b6f909-caa0-4bc1-9594-0fc4c9ec6373,YbTMIxjk4hI,The YouTube Algorithm EXPLAINED! (Tips from a Data Scientist),2020-08-14 00:00:00 UTC,5700,336.7438,20204.63,212,39.1,525,54,32.653
2eb1d0a4-7565-47a4-8090-a39620fa8588,-ONQ628CXKQ,Data Scientist Reacts: REAL Data Science Job Application Data,2021-04-16 00:00:00 UTC,20158,1151.5371,69092.23,205,21.33,576,43,96.734
74b7d5b9-d657-4783-b1ad-4ee83385ae30,MpF9HENQjDo,Data Science Project from Scratch - Part 1 (Project Planning),2020-04-03 00:00:00 UTC,102854,3887.4233,233245.4,136,30.37,3197,82,445.187
0648ea69-01ca-481e-a366-d94d787652a6,4039x4r-hGE,6 Lessons from #66DaysOfData,2020-11-13 00:00:00 UTC,6352,277.268,16636.08,157,32.81,337,47,28.224
8bb49669-92d8-48b8-9dd4-c2a985f795b5,4yI3vVe0Jos,Data Science Fundamentals: Data Cleaning in Python,2019-08-11 00:00:00 UTC,10430,878.9639,52737.83,303,14.56,297,30,59.526
dac2f962-cda0-484e-a1fb-ffe4d2a68bc3,sCOX5yShmFA,The Best Way to Predict NBA Minutes Played,2018-12-11 00:00:00 UTC,3094,167.5168,10051.01,194,33.66,85,7,12.899
58beecc8-4a92-4795-be52-617870947ed2,2RWwN5ZT4tA,Should  @Luke Barousse Take This Data Analyst Job? (Funny) #Shorts,2022-01-14 00:00:00 UTC,2401,25.9375,1556.25,38,70.68,78,12,1.72
ce8de944-9566-4d0f-b448-bcb0131aba17,EMq4PH7PCeA,How to Go From Data Analyst to Data Scientist,2021-04-02 00:00:00 UTC,40202,1509.924,90595.44,135,33.55,1176,73,175.663
1e6a1f4a-a54b-4fac-bd7d-46602a38f471,4qZINLzwYyk,The State of Data Science with Krish Naik & The Data Professor [Panel Discussion],2020-06-05 00:00:00 UTC,20089,1205.8213,72349.28,216,9.52,633,267,135.037
c26c57f8-e3fc-4954-bce8-438a077d3817,m5pwx3hgtzM,3 Reasons You Should NOT Become a Data Scientist,2019-12-16 00:00:00 UTC,93329,4449.9719,266998.31,171,46.02,2783,101,446.851
6389d819-83db-4615-a4f9-2960eedb6061,1UjMBw_7Gi8,Data Science: Startup vs. Large Corporation,2019-03-21 00:00:00 UTC,1703,63.1138,3786.83,133,47.65,66,4,8.345
10d47349-6ba9-4969-ab0b-23508638e2c4,2KkrtG5IsHo,Reviewing Your Data Science Projects - Episode 11(GITHUB CLEANING),2020-07-13 00:00:00 UTC,3352,165.8514,9951.08,178,31.86,131,22,14.529
5ffd6f1e-4643-466a-a472-ee8035d8c02a,imMPnCHvbkY,The Data Science Projects that Got Me a Job,2020-03-06 00:00:00 UTC,33396,1113.7748,66826.49,120,44.97,1201,20,131.089
350f4a98-39a8-4012-a27c-517554002b99,k8YxyrcAXJs,Is Data Visualization Important for Data Science? (A Data Scientist's Perspective),2021-08-20 00:00:00 UTC,10403,389.9063,23394.38,134,38.01,481,54,50.319
23a0c5f3-1921-47ad-bbfc-154c7c827938,hpMc6TgT34I,The 5 Stages of Learning Data Science,2020-03-13 00:00:00 UTC,15398,912.5822,54754.93,213,50.44,1197,33,70.941
c284aaac-4472-4be1-ad15-3311e82ff6cc,mR2NCRgtLPE,Reviewing Your Data Science Projects - Episode 6 (Only 3 months of coding experience),2020-06-01 00:00:00 UTC,5504,269.5049,16170.29,176,18.69,168,23,20.002
1283104c-2cef-49c2-84d9-2cc7b2343b1f,oHUD2T_VXfI,Reviewing Your Data Science Projects - Episode 18 (Job-Worthy GitHub),2020-08-31 00:00:00 UTC,14382,922.0377,55322.26,230,32.23,714,43,72.365
9435e04d-373c-4b8b-ab8a-609e88f8b5ac,foggudmDDvY,Data Science in Golf: PGA Merchandise Show 2020,2020-01-31 00:00:00 UTC,482,28.3566,1701.4,211,38.65,18,6,1.701
f29178f8-434d-4f3b-a48d-e7a63c9ce0ab,q6Lf2yhvluw,Reviewing Your Data Science Projects - Episode 17 (Best Portfolio Website Yet?),2020-08-24 00:00:00 UTC,9384,632.9141,37974.85,242,21.91,378,28,43.551
b16f0a40-5dd4-4bf1-9266-4c97052b179f,C4OPn58BLaU,How to Set Up Your Data Science Environment (Anaconda Beginner),2020-02-21 00:00:00 UTC,75351,4477.5908,268655.45,213,35.83,1609,45,552.927
225a7318-93a8-461b-8a33-be0977f53b3d,qfRhKHV8-t4,Predicting Crypto-Currency Price Using RNN lSTM & GRU,2017-11-18 00:00:00 UTC,16558,487.2194,29233.16,105,34.06,247,28,21.944
7ff72385-3118-49a1-9671-43286b619d26,lUUqrRgerd8,What It's Like to be a Socially Distanced Data Scientist (A Day in the Life),2020-04-24 00:00:00 UTC,14348,955.9245,57355.47,239,27.13,450,47,100.089
3725e334-2b54-4d31-a8e4-d38cda404ff3,k-gin1qfzi0,How To Build A Word Cloud From Scraped Data (Python),2019-09-04 00:00:00 UTC,2794,120.371,7222.26,155,11.74,63,4,6.582
141b84c2-f6db-40d9-abe7-c16d466b50f5,irjTWNV0eAY,How to Simulate NBA Games in Python,2018-11-19 00:00:00 UTC,13742,629.6323,37777.94,164,29.67,308,22,46.214
7ff6731e-a6a2-43bd-8786-90994354ab84,txR8_jGi0Ls,Reviewing Your Data Science Projects - Episode 7 (Incredible Portfolio Website),2020-06-08 00:00:00 UTC,8778,577.311,34638.66,236,26.19,309,32,28.109
362178f8-27ab-43a4-a248-8b5a18ef97b2,I3FBJdiExcg,Beginner Kaggle Data Science Project Walk-Through (Titanic),2020-07-17 00:00:00 UTC,168183,17039.6566,1022379.4,364,15.89,4321,174,894.753
220e8435-d598-439f-a7fc-71975b6766fc,Zz_Mx1UPswI,Thank You For The Support | What's Next | Ken Jee | Data Science,2019-08-26 00:00:00 UTC,506,6.3089,378.53,44,39.37,24,14,0.274
a85ea5da-aaff-4473-aedf-bf4ced650a78,1Ir1NgCuI0Y,Data Science Resume Round-Up With @Tina Huang  | Episode 3,2020-10-12 00:00:00 UTC,5011,368.2816,22096.9,264,11.92,119,27,31.041
60fb9f7c-197c-4827-90b6-232b8f700f4a,DM1eE_Coh6g,Avoid These Data Science Resume Mistakes!,2020-02-10 00:00:00 UTC,22787,1281.0656,76863.94,202,42.16,1038,33,103.269
fb5762a3-f180-4f06-8a94-7c3ba40e966d,68GGPK3WaqI,Data Science Project - Expectations vs Reality (funny) #shorts,2021-08-06 00:00:00 UTC,14136,169.539,10172.34,43,71.96,484,16,12.271
122a96af-bf4e-474f-9bd4-a62dc6d122f4,9ZwVqXUHf6o,When Data Science Goes Wrong,2020-03-30 00:00:00 UTC,1668,78.3392,4700.35,169,47.49,104,14,6.03
2b1ea417-daaf-4290-8e96-b1c8b934b23c,Kq9dkZu0bpg,"Hedge Funds, Startups, and Data Science Oh my! (@DataLeap) - KNN EP. 14",2020-09-18 00:00:00 UTC,6860,642.8602,38571.61,337,16.64,248,213,31.575
bec694f2-7a0b-4afa-9edf-7c72c01e7e55,cnqTU6eJwH0,The TRUTH About My First Data Science Project,2021-10-08 00:00:00 UTC,3966,270.799,16247.94,245,45.1,228,37,17.075
cd01158f-375d-42e2-8ae6-11c55bbc83f9,domVw8isGOI,How I Chose My Masters Degree for Breaking into Data Science,2020-10-30 00:00:00 UTC,18633,1058.6333,63518,204,43.15,527,79,116.91
16d08c5f-7e3c-49b0-9d5d-bd02237b8054,scSc6YSanQ0,How Statistics Saved the US SERIOUS $$$$ During WW2 #Shorts,2021-12-10 00:00:00 UTC,3130,37.4755,2248.53,43,75.62,212,10,2.484
ffdf35d2-1f1a-4a59-b5ee-6c6ffa3ba239,uic34RTaI-w,How I Balance Data Science and Content Creation (7 Secrets),2021-01-23 00:00:00 UTC,6776,320.0906,19205.44,170,20.87,284,62,22.063
0a067651-f64d-4de7-9c57-007d561926f1,hcHSSyHbgMQ,My Regrets as a Data Science Student,2021-03-12 00:00:00 UTC,20150,983.9832,59038.99,175,35.51,749,53,126.139
33bc4f60-ba1a-493b-8bf8-03e304bd2146,RRXWJVX0fE8,6 Habits of Successful Data Scientists,2019-09-13 00:00:00 UTC,1591,61.8222,3709.33,139,40.08,79,7,3.255
703293e5-b456-4b9c-aad7-b9262f935c15,8nTmuKI2oyA,How I Use Data to Optimize My Life | What I Collect & How I Analyze It,2021-05-14 00:00:00 UTC,9135,495.671,29740.26,195,38.68,457,67,62.009
e16ab03f-528f-4d15-9183-392ea66614e9,vwvdtXMcNzI,Why Is Data Engineering So HOT Right Now?,2021-11-26 00:00:00 UTC,17268,883.2341,52994.05,184,42.92,786,63,76.731
5323f970-eff3-4574-8b25-00f2ebdae750,Ft4GVkQQtgk,Data Science Resume Round-Up With @Tina Huang  - Episode 1,2020-09-28 00:00:00 UTC,9054,689.6168,41377.01,274,18.64,258,31,54.173
de1df5f6-407f-4e78-8ffe-7b5f3bfd70e5,UpaEjBOMNqs,5 Proven Strategies to Break into a Data Science Job,2020-10-02 00:00:00 UTC,8168,313.69,18821.4,138,41.39,356,51,30.787
d861ae23-1b4a-4e97-af38-377a2aa918c0,UcilY6HDuL8,10000 Subscriber and 100th Video Special (Data Science),2020-05-13 00:00:00 UTC,3064,35.0743,2104.46,41,24.01,149,58,0
4e5cfc9c-64db-4eea-b58f-e0531b781f87,6fwyyRgZlD0,Reviewing Your Data Science Projects - Episode 9 (Professional Violinist),2020-06-22 00:00:00 UTC,2242,104.6831,6280.99,168,25.16,83,19,6.176
470f59bd-5f7b-4c5e-8136-a02bc2df0645,ELFGsNqZrlM,Is it Important to Share Your Data Science Work? (Ft. Eric Weber),2020-07-22 00:00:00 UTC,1795,120.7192,7243.15,242,20.5,96,14,6.322
b1a09e62-51af-4140-872d-934b42e10f37,jf3j0lWmFPU,The 5 Pillars of Success I Live By,2020-09-11 00:00:00 UTC,9743,653.236,39194.16,241,41.62,864,65,51.398
ad53233e-8532-408b-95f4-da6bbe992b06,Yr5T3T4tq-g,Most Data Science Hopefuls Overlook This Important Skill,2019-05-25 00:00:00 UTC,548,19.2752,1156.51,126,58.62,44,3,1.849
031bcc3e-6a86-42e1-9cb6-f43af43620d5,742LQ38OioU,"Data Science Productivity, Motivation, and Organization (ft. Data Professor & Codebasics)",2020-07-01 00:00:00 UTC,3711,305.6106,18336.64,296,8.49,191,246,9.132
af157f15-9c67-469a-951b-04e627da4f69,5v_ulmGv-gc,Inside the Mind of the Ultimate Kaggle Grandmaster (@Abhishek Thakur ) - KNN EP. 10,2020-08-26 00:00:00 UTC,13159,1379.223,82753.38,377,16.46,562,41,42.066
1b095d35-89b9-45a0-8114-2b06a0fca889,0jTtHYie3CU,Should You Be Excited About Web 3? (As a Data Scientist),2022-01-17 00:00:00 UTC,4383,192.5779,11554.67,158,48.5,267,37,16.549
3f2031ca-5904-4830-a60b-910278d94263,-pdXWmj9xxU,How I Learn Data Science Through Studying Other People's Code | #66DaysOfData,2020-09-04 00:00:00 UTC,10588,795.7453,47744.72,270,31.24,691,78,53.677
ca08e80d-e2b2-4135-8ffd-1f3e688b2a7e,-3d1NctSv0c,"Ken Jee Q & A Live Stream (50,000 Sub Special!)",2020-06-20 00:00:00 UTC,2326,229.4255,13765.53,355,10.4,137,317,5.318
407278b2-5dcd-4bb2-95de-245da6c4d2f7,N97MhZEp2UQ,Advice from a Data Analytics CEO (@How to Get an Analytics Job) - KNN EP. 17,2020-10-14 00:00:00 UTC,9457,1357.0912,81425.47,516,16.98,319,30,64.756
5291e8d6-4f37-4299-9391-cfe7fa9b049f,-kX2b6TF_9k,By The Numbers: Where Should The NBA Put a 4 Point Line?,2019-10-21 00:00:00 UTC,2344,99.7075,5982.45,153,23.34,66,11,4.342
b2fdf6e4-921b-4782-b3bd-25937f3c4603,NCyPY-jfb3I,How to Scrape NBA Data Using the nba_api Python Module,2019-12-23 00:00:00 UTC,11724,812.1108,48726.65,249,25.21,426,48,55.926
c1b3ea65-84e9-403e-9818-7a9b3a94f7e5,BZFfNwj7JhE,Different Data Science Roles Explained (by a Data Scientist),2020-05-22 00:00:00 UTC,44974,1265.9731,75958.39,101,34.82,1589,82,276.316
00edc24e-64b3-40c1-85f9-bf7d844a401c,RAMxzqSMDKE,Reviewing Your Projects - Episode 16 (Project Review for Beginners),2020-08-17 00:00:00 UTC,2998,209.5669,12574.01,251,25.19,132,17,7.227
327b1667-8b91-4164-90f3-123561f94e48,KQ80oD_boBM,Kaggle Project From Scratch - Part 2 (Exploratory Data Analysis),2021-01-08 00:00:00 UTC,14711,1530.1763,91810.58,374,17.09,557,59,97.815
f8129996-c89e-4183-be5a-613ab3c6f6df,B1g_yMKpdwo,Reviewing Your Data Science Projects - Episode 10 (Leveraging Your Data),2020-06-29 00:00:00 UTC,4227,261.5042,15690.25,222,26.48,176,24,11.945
9b897a0a-9b09-45fc-b992-ef0abd46012b,XjC3FPL-S78,Why You're Struggling to Learn Data Science,2020-06-12 00:00:00 UTC,14552,700.5087,42030.52,173,46.21,1000,82,45.465
a70031e1-b16f-4a2b-9616-cb8de67ad3f7,2qVWurPFwfc,Is Data Science Dying?,2021-11-19 00:00:00 UTC,70043,3736.819,224209.14,192,34.98,2378,148,368.53
2fd2c002-658b-4d38-ac0d-28517278952d,Z_KFh-HqaBA,I Wish I Had Known THIS Before Starting in Data Science,2019-05-14 00:00:00 UTC,23397,1553.1482,93188.89,238,44.42,999,34,118.739
e02fe5ad-1dee-4c2a-8ade-8c49ae6c5faa,Ip50cXvpWY4,The Best Free Data Science Courses Nobody is Talking About,2020-03-09 00:00:00 UTC,297222,10465.0467,627902.8,126,33.8,19464,294,1217.046
e200829f-45dc-4d61-9d17-525a2bff123e,3Mm1U1CbzNw,Is Data Science Right For You?,2019-08-18 00:00:00 UTC,44051,1546.5641,92793.85,126,32.24,1018,57,272.051
6ea99cf3-1440-4e67-ac3a-b4ce3e5e3d37,qUK5Vk4NvBw,#66DaysOfData Round 3 Live Event! (feat. @StatQuest with Josh Starmer),2021-10-12 00:00:00 UTC,2038,165.5004,9930.02,292,7.83,133,4,6.269
62adacc4-ed8e-4718-bcd6-a74945c2d13f,pPfw2fzwNiM,MARCH MADNESS - Will My Machine Learning Model Beat Your Bracket?,2021-03-19 00:00:00 UTC,9370,369.7456,22184.74,142,26.07,260,48,51.333
